Compound,H2O
MolarMass,18.015
""
Energy_eV,Energy_MeV,mu_m_cm2_g
1.0,1e-6,9.955362517059166e-7
1.00507955797765,1.0050795579776499e-6,1.037519034546491e-6
1.010184917864548,1.0101849178645478e-6,1.0813814343274034e-6
1.0153162107229883,1.0153162107229881e-6,1.12721286051885e-6
1.0204735682810036,1.0204735682810034e-6,1.1751072140699792e-6
1.025657122935746,1.025657122935746e-6,1.2251631232186542e-6
1.0308670077568878,1.0308670077568877e-6,1.2774841920931765e-6
1.0361033564900353,1.0361033564900353e-6,1.3321792628157932e-6
1.041366303560164,1.0413663035601638e-6,1.3893626918578585e-6
1.0466559840750687,1.0466559840750686e-6,1.4491546414387175e-6
1.0519725338288322,1.0519725338288322e-6,1.5116813868050594e-6
1.0573160893053108,1.0573160893053107e-6,1.5770756402747413e-6
1.062686787681639,1.062686787681639e-6,1.6329726299113308e-6
1.0680847668317504,1.0680847668317504e-6,1.683666978274187e-6
1.0735101653299168,1.0735101653299167e-6,1.7359785962861928e-6
1.0789631224543066,1.0789631224543066e-6,1.7899605160642916e-6
1.0844437781905594,1.0844437781905593e-6,1.8456675549238936e-6
1.08995227323538,1.0899522732353798e-6,1.9031563769189109e-6
1.0954887490001504,1.0954887490001502e-6,1.962485556547267e-6
1.1010533476145596,1.1010533476145597e-6,2.023715644699384e-6
1.1066462119302531,1.106646211930253e-6,2.0856583814340895e-6
1.1122674855244994,1.1122674855244993e-6,2.1400467558286224e-6
1.117917312703876,1.117917312703876e-6,2.195878463142103e-6
1.1235958385079738,1.1235958385079738e-6,2.2531924876241204e-6
1.1293032087131212,1.1293032087131212e-6,2.3120288847319434e-6
1.1350395698361253,1.1350395698361253e-6,2.3724288110449643e-6
1.1408050691380347,1.1408050691380346e-6,2.434434555026988e-6
1.1465998546279181,1.146599854627918e-6,2.491483602957406e-6
1.1524240750666654,1.1524240750666655e-6,2.5473793332892718e-6
1.1582778799708062,1.1582778799708062e-6,2.6045440591265375e-6
1.1641614196163472,1.1641614196163473e-6,2.663006938075775e-6
1.1700748450426315,1.1700748450426315e-6,2.722797805665959e-6
1.1760183080562152,1.1760183080562152e-6,2.78394719129086e-6
1.1819919612347645,1.1819919612347643e-6,2.846486334530393e-6
1.1879959579309725,1.1879959579309724e-6,2.910447201860033e-6
1.1940304522764964,1.1940304522764964e-6,2.975862503757559e-6
1.2000955991859144,1.2000955991859144e-6,3.0414030359679074e-6
1.2061915543607016,1.2061915543607016e-6,3.1001230021227067e-6
1.2123184742932283,1.212318474293228e-6,3.1599856818476838e-6
1.2184765162707767,1.2184765162707765e-6,3.221013491282523e-6
1.224665838379579,1.224665838379579e-6,3.2832292898009747e-6
1.2308865995088751,1.230886599508875e-6,3.3466563888432326e-6
1.2371389593549926,1.2371389593549925e-6,3.411318560925653e-6
1.2434230784254459,1.243423078425446e-6,3.477240048831355e-6
1.2497391180430557,1.2497391180430556e-6,3.5444455749854003e-6
1.2560872403500922,1.256087240350092e-6,3.612960351018294e-6
1.2624676083124367,1.2624676083124366e-6,3.677843652064359e-6
1.2688803857237647,1.2688803857237646e-6,3.739907662758421e-6
1.275325737209751,1.275325737209751e-6,3.803024700535244e-6
1.2818038282322972,1.2818038282322972e-6,3.867212729795913e-6
1.2883148250937766,1.2883148250937766e-6,3.932490023085701e-6
1.2948588949413062,1.294858894941306e-6,3.998875166408267e-6
1.301436205771036,1.301436205771036e-6,4.0663870646318665e-6
1.3080469264324628,1.3080469264324628e-6,4.135044946989384e-6
1.314691226632763,1.314691226632763e-6,4.204868372673673e-6
1.3213692769411518,1.3213692769411518e-6,4.275877236529949e-6
1.3280812487932596,1.3280812487932595e-6,4.348091774846918e-6
1.3348273144955345,1.3348273144955345e-6,4.420039536466237e-6
1.3416076472296652,1.341607647229665e-6,4.4869607101335055e-6
1.3484224210570266,1.3484224210570265e-6,4.554899074409227e-6
1.3552718109231487,1.3552718109231486e-6,4.6238701515803435e-6
1.3621559926622073,1.3621559926622073e-6,4.693889701740123e-6
1.3690751430015382,1.369075143001538e-6,4.76497372644568e-6
1.3760294395661736,1.3760294395661735e-6,4.8371384724320355e-6
1.383019060883403,1.3830190608834029e-6,4.910400435383481e-6
1.3900441863873552,1.3900441863873552e-6,4.984776363763216e-6
1.3971049964236049,1.3971049964236048e-6,5.05677263606979e-6
1.4042016722538027,1.4042016722538026e-6,5.128090665943932e-6
1.4113343960603286,1.4113343960603286e-6,5.2004176920541275e-6
1.4185033509509686,1.4185033509509685e-6,5.273768034753878e-6
1.4257087209636146,1.4257087209636146e-6,5.348156218285294e-6
1.4329506910709902,1.43295069107099e-6,5.423596973691145e-6
1.4402294471853987,1.4402294471853986e-6,5.4987372161988764e-6
1.4475451761634954,1.4475451761634955e-6,5.571401366481559e-6
1.4548980658110853,1.4548980658110852e-6,5.645027961129243e-6
1.4622883048879434,1.4622883048879433e-6,5.719629777352576e-6
1.469716083112661,1.469716083112661e-6,5.795219762383635e-6
1.4771815911675161,1.477181591167516e-6,5.871811035743555e-6
1.4846850207033684,1.4846850207033684e-6,5.949416891540503e-6
1.4922265643445793,1.4922265643445792e-6,6.028050800798354e-6
1.499806415693957,1.4998064156939568e-6,6.10772641381651e-6
1.5074247693377256,1.5074247693377255e-6,6.228471649483109e-6
1.515081820850522,1.515081820850522e-6,6.345305638298271e-6
1.5227777668004154,1.5227777668004153e-6,6.4611120360529284e-6
1.5305128047539542,1.5305128047539543e-6,6.57916816470384e-6
1.5382871332812373,1.5382871332812374e-6,6.699519867422824e-6
1.5461009519610123,1.546100951961012e-6,6.82221395308303e-6
1.5539544613857978,1.5539544613857978e-6,6.947298217045455e-6
1.5618478631670345,1.5618478631670344e-6,7.074821462398894e-6
1.56978135994026,1.5697813599402597e-6,7.2048335216633335e-6
1.5777551553703104,1.5777551553703103e-6,7.337385278966952e-6
1.58576945415655,1.5857694541565498e-6,7.470670977186576e-6
1.5938244620381241,1.593824462038124e-6,7.590930597117964e-6
1.6019203857992435,1.6019203857992434e-6,7.713214694410068e-6
1.6100574332744897,1.6100574332744896e-6,7.837558594493892e-6
1.6182358133541537,1.6182358133541536e-6,7.96399825592854e-6
1.6264557359895953,1.6264557359895952e-6,8.092570281965424e-6
1.6347174121986356,1.6347174121986356e-6,8.223311932326515e-6
1.6430210540709722,1.6430210540709722e-6,8.356261135200507e-6
1.6513668747736252,1.6513668747736251e-6,8.491456499461027e-6
1.659755088556408,1.659755088556408e-6,8.628937327110964e-6
1.6681859107574297,1.6681859107574297e-6,8.768743625957267e-6
1.6766595578086205,1.6766595578086205e-6,8.910916122520328e-6
1.6851762472412901,1.6851762472412901e-6,9.04742673481566e-6
1.6937361976917107,1.6937361976917107e-6,9.206617882749934e-6
1.70233962890673,1.70233962890673e-6,9.377757696972818e-6
1.7109867617494126,1.7109867617494126e-6,9.55239327701264e-6
1.71967781820471,1.71967781820471e-6,9.730600424428546e-6
1.7284130213851592,1.7284130213851592e-6,9.91245664036147e-6
1.7371925955366099,1.7371925955366098e-6,0.000010098041164311237
1.746016766043982,1.746016766043982e-6,0.000010287435013806191
1.754885759437051,1.754885759437051e-6,0.000010476571126594845
1.7637998033962639,1.7637998033962638e-6,0.00001065488492879089
1.7727591267585825,1.7727591267585823e-6,0.00001083647324349566
1.7817639595233605,1.7817639595233605e-6,0.00001102139931777117
1.7908145328582463,1.7908145328582462e-6,0.000011209727657825883
1.7999110791051176,1.7999110791051176e-6,0.000011401524054512165
1.8090538317860463,1.8090538317860462e-6,0.000011596855609345061
1.8182430256092934,1.8182430256092934e-6,0.000011780514485068625
1.827478896475333,1.8274788964753328e-6,0.000011964166835264507
1.836761681482911,1.836761681482911e-6,0.000012150861743807831
1.846091618935129,1.846091618935129e-6,0.00001234065179855505
1.8554689483455635,1.8554689483455635e-6,0.000012533590521253145
1.8648939104444135,1.8648939104444135e-6,0.000012729732384397887
1.874366747184682,1.874366747184682e-6,0.000012929132828399295
1.8838877017483857,1.8838877017483856e-6,0.000013131848279060032
1.8934570185527981,1.893457018552798e-6,0.000013337936165372448
1.903074943256725,1.903074943256725e-6,0.000013569732867918087
1.9127417227668102,1.9127417227668103e-6,0.000013820108193304935
1.922457605243874,1.922457605243874e-6,0.000014075610579744249
1.932222840109284,1.932222840109284e-6,0.000014336351151162943
1.9420376780513582,1.942037678051358e-6,0.000014602443506817726
1.9519023710318009,1.9519023710318007e-6,0.000014874003777122095
1.961817172292169,1.961817172292169e-6,0.000015151150680738975
1.971782336360376,1.971782336360376e-6,0.000015434005582968334
1.9817981190572243,1.981798119057224e-6,0.000015722692555458822
1.9918647775029727,1.9918647775029728e-6,0.000016017338437273848
2.0019825701239378,2.0019825701239376e-6,0.000016304643283084927
2.0121517566591267,2.0121517566591266e-6,0.000016636715080545434
2.022372598166907,2.022372598166907e-6,0.00001697559164619544
2.032645357031706,2.032645357031706e-6,0.00001732141331942802
2.0429702969707493,2.0429702969707493e-6,0.000017674323353195098
2.0533476830408284,2.0533476830408284e-6,0.00001803446797490555
2.0637777816451073,2.0637777816451073e-6,0.00001840199644860458
2.074260860539959,2.074260860539959e-6,0.000018777061138462077
2.0847971888418417,2.084797188841842e-6,0.000019159817573597345
2.095387037034205,2.095387037034205e-6,0.000019550424514268425
2.106030676974436,2.106030676974436e-6,0.00001994904401945527
2.116728381900837,2.116728381900837e-6,0.000020342759134652667
2.1274804264396394,2.1274804264396392e-6,0.000020713060452102074
2.1382870866120545,2.1382870866120544e-6,0.000021109929872347694
2.14914863984136,2.14914863984136e-6,0.000021580303679885217
2.160065364960022,2.160065364960022e-6,0.000022061234270592594
2.1710375422168497,2.17103754221685e-6,0.000022552960137780496
2.1820654532841943,2.182065453284194e-6,0.00002305572519465939
2.193149381265178,2.193149381265178e-6,0.000023569778898159923
2.2042896107009615,2.2042896107009613e-6,0.000024095376375595182
2.2154864275780484,2.215486427578048e-6,0.000024591670747243032
2.226740119335627,2.226740119335627e-6,0.000025086332520552536
2.2380509748729516,2.2380509748729514e-6,0.000025590998321464732
2.249419284556754,2.249419284556754e-6,0.000026105871483444662
2.260845340228704,2.260845340228704e-6,0.000026682503655438227
2.272329435212895,2.272329435212895e-6,0.00002727476226569504
2.283871864323379,2.283871864323379e-6,0.000027854895818831917
2.295472923871733,2.295472923871733e-6,0.00002840671068498245
2.307132911674665,2.3071329116746647e-6,0.000028969524175760468
2.3188521270616604,2.3188521270616602e-6,0.000029543556917602975
2.3306308708826666,2.3306308708826665e-6,0.00003012903399187577
2.3424694455158157,2.3424694455158156e-6,0.00003072618502543492
2.3543681548751865,2.3543681548751864e-6,0.000031335244283041004
2.3663273044186073,2.366327304418607e-6,0.000031956450761665777
2.3783472011554974,2.3783472011554972e-6,0.00003259004828672874
2.3904281536547485,2.3904281536547484e-6,0.00003323628561030459
2.402570472052644,2.4025704720526436e-6,0.000033846872606929396
2.4147744680608247,2.4147744680608245e-6,0.00003458652233161087
2.4270404549742883,2.427040454974288e-6,0.000035344000429337785
2.4393687476794317,2.4393687476794315e-6,0.00003611819381822183
2.4517596626621363,2.4517596626621362e-6,0.00003690947389782896
2.464213518015892,2.4642135180158918e-6,0.00003771822037091967
2.476730633449962,2.476730633449962e-6,0.00003854482143009613
2.4893113302975927,2.4893113302975926e-6,0.00003938967394866446
2.5019559315242597,2.5019559315242595e-6,0.00004025318367580881
2.514664761735962,2.514664761735962e-6,0.00004111100522537313
2.527438147187553,2.5274381471875527e-6,0.00004189612751445912
2.5402764157911157,2.540276415791116e-6,0.00004274644668081901
2.5531798971243833,2.553179897124383e-6,0.00004363581287855292
2.5661489224391967,2.5661489224391964e-6,0.00004454379692403952
2.57918382467001,2.57918382467001e-6,0.000045470791073192206
2.5922849384424382,2.5922849384424383e-6,0.00004641719590132614
2.6054526000818448,2.6054526000818444e-6,0.000047383420480802585
2.618687147621979,2.618687147621979e-6,0.00004836988256249303
2.6319889208136513,2.6319889208136514e-6,0.00004937700876114518
2.645358261133456,2.6453582611334558e-6,0.00005040523474473457
2.6587955117925386,2.6587955117925384e-6,0.00005145500542788961
2.672301017745404,2.672301017745404e-6,0.0000524243858314463
2.6858751256987743,2.685875125698774e-6,0.00005339451077251332
2.699518184120489,2.699518184120489e-6,0.000054382640796179806
2.7132305432484487,2.7132305432484484e-6,0.00005555976165720085
2.7270125550996096,2.7270125550996096e-6,0.000056823267340718784
2.7408645734790174,2.740864573479017e-6,0.00005811570173368359
2.7547869539888903,2.75478695398889e-6,0.000059437731287366464
2.7687800540377503,2.76878005403775e-6,0.000060790037892719404
2.782844232849595,2.782844232849595e-6,0.00006212871375625345
2.796979851473123,2.796979851473123e-6,0.00006340647677267654
2.8111872727909994,2.8111872727909995e-6,0.00006471067804896978
2.8254668615291725,2.8254668615291722e-6,0.00006604186766892757
2.839818984266238,2.839818984266238e-6,0.00006740060721956815
2.854244009442849,2.854244009442849e-6,0.00006885505555105428
2.8687423073711735,2.8687423073711732e-6,0.00007042351493627564
2.883314250244403,2.8833142502444027e-6,0.00007186436810991396
2.897960212146303,2.897960212146303e-6,0.00007332497497960139
2.912680569060823,2.9126805690608227e-6,0.00007481547700340612
2.927475698881741,2.927475698881741e-6,0.00007633649057632657
2.942345981422372,2.9423459814223717e-6,0.00007788864489924418
2.9572917984253118,2.9572917984253115e-6,0.00007947258224702902
2.9723135335722413,2.9723135335722412e-6,0.00008108895824230215
2.987411572493775,2.987411572493775e-6,0.00008273844213497371
3.002586302779359,3.0025863027793587e-6,0.00008442171708768201
3.017838113987224,3.017838113987224e-6,0.00008607863239463352
3.0331673976543834,3.033167397654383e-6,0.00008765682268781691
3.0485745473066856,3.0485745473066857e-6,0.00008943963752608795
3.064059958468918,3.0640599584689177e-6,0.00009144174148864252
3.0796240286749557,3.0796240286749557e-6,0.00009348898279939045
3.0952671574779744,3.0952671574779744e-6,0.00009558238571976736
3.110989746460699,3.110989746460699e-6,0.00009772299789060562
3.1267921992457204,3.12679219924572e-6,0.00009991189086858092
3.142674921505852,3.142674921505852e-6,0.00010215016067502452
3.158638320974547,3.158638320974547e-6,0.00010443892835738746
3.1746828074563638,3.174682807456364e-6,0.00010654725713832715
3.1908087928374864,3.190808792837486e-6,0.00010862819223732086
3.207016691096299,3.2070166910962992e-6,0.00011079145905020974
3.2233069183140133,3.2233069183140133e-6,0.00011315813980170476
3.2396798926853494,3.239679892685349e-6,0.00011557570260647432
3.2561360345292707,3.2561360345292708e-6,0.00011804524877400834
3.272675766299777,3.272675766299777e-6,0.00012056790361690103
3.289299512596746,3.289299512596746e-6,0.0001231448169777072
3.306007700176837,3.306007700176837e-6,0.00012577716376744637
3.3228007579644423,3.322800757964442e-6,0.00012846614451601034
3.339679117062701,3.339679117062701e-6,0.00013121298593474443
3.3566432107645676,3.3566432107645675e-6,0.0001338847916712324
3.3736934745639306,3.3736934745639306e-6,0.00013641448287563145
3.3908303461667972,3.3908303461667973e-6,0.00013899215783206046
3.4080542655025257,3.4080542655025256e-6,0.00014161873038882466
3.4253656747351227,3.4253656747351226e-6,0.00014445160678007795
3.4427650182745912,3.442765018274591e-6,0.0001478238220873965
3.4602527427883416,3.4602527427883416e-6,0.00015127525997083054
3.4778292972126565,3.4778292972126564e-6,0.0001548077924254901
3.4954951327642174,3.4954951327642172e-6,0.00015842333591519666
3.513250702951686,3.513250702951686e-6,0.00016181131008788282
3.531096463587348,3.531096463587348e-6,0.00016523238465434713
3.549032872798815,3.549032872798815e-6,0.00016872628015523935
3.5670603910407817,3.5670603910407814e-6,0.00017229455628778794
3.5851794811068514,3.585179481106851e-6,0.00017593880634277347
3.603390608141414,3.603390608141414e-6,0.0001796606579317127
3.621694239651587,3.6216942396515872e-6,0.0001836470438154819
3.6400908455192176,3.6400908455192175e-6,0.0001875023395781903
3.658580898012945,3.6585808980129447e-6,0.00019143925785387834
3.677164871800324,3.6771648718003236e-6,0.0001954595421326613
3.695843243960011,3.6958432439600107e-6,0.00019956497348863687
3.714616493994011,3.714616493994011e-6,0.00020375737139761025
3.7334851038399877,3.7334851038399875e-6,0.00020803859457276978
3.7524495578836348,3.7524495578836345e-6,0.00021241054181872162
3.771510342971111,3.771510342971111e-6,0.00021687515290427935
3.7906679484215395,3.7906679484215393e-6,0.00022143440945443418
3.8099228660395656,3.8099228660395656e-6,0.0002256336626685371
3.8292755901279873,3.829275590127987e-6,0.00022986798292139925
3.8487266175004415,3.848726617500441e-6,0.00023418452791834065
3.8682764474941593,3.8682764474941595e-6,0.00023958319550234166
3.887925581982783,3.887925581982783e-6,0.00024510715436454393
3.9076745253892526,3.907674525389253e-6,0.00025075933016045836
3.9275237846987525,3.927523784698752e-6,0.00025654271724380695
3.9474738694717284,3.947473869471729e-6,0.00026246038028772975
3.9675252918569677,3.967525291856968e-6,0.0002685154559444172
3.987678566604747,3.987678566604747e-6,0.00027445074978814274
4.007934211080047,4.007934211080047e-6,0.000279967971468406
4.028292745275834,4.028292745275834e-6,0.0002855964472774533
4.048754691826409,4.048754691826409e-6,0.000291338427203383
4.069320576020824,4.069320576020824e-6,0.00029761913621151375
4.089990925816365,4.089990925816365e-6,0.00030420724492675224
4.1107662718521105,4.110766271852111e-6,0.00031094224882730157
4.131647147462551,4.131647147462551e-6,0.0003178274481519573
4.152634088691278,4.152634088691278e-6,0.00032486621786577993
4.1737276343047505,4.17372763430475e-6,0.0003320620093655456
4.194928325806121,4.194928325806121e-6,0.00033941835222443275
4.216236707449139,4.216236707449138e-6,0.00034693885597684505
4.237653326252122,4.237653326252122e-6,0.00035371714204290096
4.259178732012,4.259178732011999e-6,0.0003605945588540108
4.280813477318428,4.280813477318428e-6,0.0003676064226190313
4.302558117567972,4.302558117567972e-6,0.0003747553765195521
4.324413210978366,4.324413210978366e-6,0.0003820441160035771
4.346379318602846,4.346379318602846e-6,0.0003908512530284836
4.368457004344547,4.368457004344547e-6,0.0004003178805182018
4.390646834970986,4.390646834970985e-6,0.0004100151392138069
4.412949380128605,4.412949380128605e-6,0.00041953524815143236
4.435365212357403,4.4353652123574025e-6,0.0004287478823314891
4.457894907105623,4.457894907105623e-6,0.0004381643110830933
4.480539042744536,4.480539042744536e-6,0.0004477890729568529
4.503298200583281,4.50329820058328e-6,0.0004576268081911111
4.52617296488379,4.52617296488379e-6,0.0004676822610025921
4.549163922875787,4.549163922875787e-6,0.0004779045696423773
4.5722716647718675,4.572271664771867e-6,0.00048782094764581157
4.595496783782642,4.595496783782642e-6,0.0004985069006860269
4.618839876131969,4.6188398761319685e-6,0.0005094293905215787
4.642301541072262,4.642301541072262e-6,0.0005205937105854047
4.665882380899873,4.665882380899873e-6,0.0005320052741094915
4.689583000970549,4.689583000970548e-6,0.0005436696168668452
4.71340400971498,4.71340400971498e-6,0.0005555923999769245
4.737346018654414,4.737346018654414e-6,0.0005677794127760089
4.761409642416357,4.761409642416356e-6,0.00058023657575403
4.785595498750352,4.785595498750352e-6,0.0005922789142475783
4.809904208543834,4.809904208543834e-6,0.0006037680642182056
4.834336395838075,4.834336395838074e-6,0.0006154811349914169
4.858892687844197,4.858892687844197e-6,0.0006274225120922684
4.88357371495928,4.88357371495928e-6,0.0006410847414544716
4.908380110782542,4.908380110782542e-6,0.0006565132098750809
4.9333125121316055,4.9333125121316055e-6,0.0006723153144210774
4.958371559058843,4.958371559058843e-6,0.000688500156012999
4.983557894867814,4.983557894867814e-6,0.0007050770584217181
5.008872166129769,5.0088721661297685e-6,0.000722055573751347
5.0343150227002615,5.0343150227002615e-6,0.0007374383192739095
5.059887117735821,5.05988711773582e-6,0.0007528728041552959
5.085589107710724,5.085589107710723e-6,0.0007686314687620014
5.111421652433844,5.1114216524338436e-6,0.0007847211446845733
5.137385415065596,5.137385415065596e-6,0.00080156551147421
5.163481062134955,5.163481062134955e-6,0.0008202541796152488
5.1897092635565665,5.189709263556567e-6,0.0008393825930825776
5.216070692647948,5.216070692647948e-6,0.0008589611988396926
5.242566026146773,5.242566026146773e-6,0.0008790006944917333
5.269195944228243,5.269195944228243e-6,0.0008995120343586731
5.295961130522548,5.295961130522547e-6,0.0009205064356971099
5.322862272132417,5.3228622721324165e-6,0.0009405306393195123
5.349900059650759,5.349900059650759e-6,0.000959611340125988
5.377075187178387,5.3770751871783864e-6,0.000979082308850254
5.404388352341842,5.404388352341842e-6,0.0009989515960587654
5.431840256311298,5.431840256311298e-6,0.001019227419840984
5.4594316038185635,5.4594316038185635e-6,0.0010399181693260544
5.487163103175173,5.487163103175173e-6,0.0010624806056619362
5.5150354662905725,5.515035466290572e-6,0.001089691831497693
5.54304940869039,5.543049408690389e-6,0.0011176037403388636
5.571205649534811,5.5712056495348104e-6,0.0011435591451512282
5.599504911637033,5.599504911637032e-6,0.0011701178874082773
5.6279479214818275,5.6279479214818275e-6,0.0011972983270604803
5.656535409244189,5.6565354092441886e-6,0.0012251151221003371
5.685268108808073,5.685268108808073e-6,0.0012535832783611173
5.714146757785249,5.714146757785249e-6,0.0012827181578188567
5.743172097534218,5.743172097534218e-6,0.0013105270483431623
5.772344873179264,5.772344873179264e-6,0.0013376182476231577
5.801665833629568,5.801665833629567e-6,0.0013687374226952478
5.831135731598439,5.831135731598439e-6,0.0014006740103139955
5.860755323622639,5.860755323622639e-6,0.0014333662641831104
5.8905253700818,5.8905253700818e-6,0.001466832327823415
5.920446635217948,5.9204466352179475e-6,0.0015010907868985793
5.950519887155119,5.950519887155119e-6,0.0015361606801487472
5.980745897919081,5.980745897919081e-6,0.0015720615105983397
6.011125443457153,6.011125443457152e-6,0.0016087124074568597
6.041659303658119,6.041659303658119e-6,0.001641564774265988
6.072348262372258,6.072348262372258e-6,0.0016750932565000017
6.1031931074314585,6.103193107431458e-6,0.0017093118813653577
6.134194630669451,6.134194630669451e-6,0.0017442349694922195
6.165353627942125,6.165353627942124e-6,0.0017800306975611054
6.19667089914797,6.19667089914797e-6,0.0018258917123753497
6.228147248248607,6.228147248248607e-6,0.0018729413125771908
6.259783483289427,6.259783483289426e-6,0.0019212104728744263
6.29158041642033,6.29158041642033e-6,0.001970730979275972
6.323538863916583,6.3235388639165826e-6,0.002018504695096612
6.355659646199769,6.355659646199769e-6,0.0020634253106483302
6.38794358785885,6.38794358785885e-6,0.002109349714552205
6.4203915176713355,6.4203915176713355e-6,0.002156300424128088
6.453004268624558,6.453004268624558e-6,0.0022043004636405844
6.485782677937058,6.485782677937058e-6,0.002253373375750545
6.518727587080076,6.518727587080076e-6,0.0023086300520778953
6.551839841799156,6.551839841799156e-6,0.002367184584430811
6.5851202921358505,6.58512029213585e-6,0.0024272450508725962
6.618569792449553,6.618569792449553e-6,0.0024888507471419147
6.652189201439422,6.652189201439422e-6,0.0025520420095165213
6.68597938216643,6.685979382166429e-6,0.0026161656953388453
6.719941202075516,6.7199412020755155e-6,0.0026730611892019527
6.754075533017856,6.754075533017856e-6,0.002731211310332622
6.788383251273246,6.788383251273246e-6,0.0027906441264621477
6.8228652375725956,6.8228652375725955e-6,0.002851388342429497
6.857522377120537,6.857522377120536e-6,0.0029134733148505638
6.892355559618151,6.892355559618151e-6,0.002976929067129785
6.927365679285809,6.927365679285809e-6,0.003041786304822227
6.962553634886122,6.962553634886122e-6,0.0031216114080046555
6.997920329747023,6.997920329747023e-6,0.003203127788618191
7.033466671784948,7.033466671784948e-6,0.0032830028728279533
7.069193573528148,7.069193573528147e-6,0.0033648836094631418
7.105101952140114,7.105101952140113e-6,0.0034488206839500823
7.141192729443122,7.141192729443122e-6,0.0035348660701230144
7.1774668319419,7.1774668319419e-6,0.003623073063148676
7.213925190847407,7.213925190847406e-6,0.0037117183498291077
7.250568742100745,7.250568742100744e-6,0.0037931748286408767
7.287398426397181,7.28739842639718e-6,0.003876422952996777
7.324415189210299,7.3244151892102984e-6,0.0039673306352897425
7.361619980816272,7.361619980816271e-6,0.004066769941133676
7.399013756318255,7.399013756318255e-6,0.004168745614128042
7.436597475670903,7.436597475670902e-6,0.004273323531861434
7.474372103705017,7.474372103705016e-6,0.004380571314267554
7.512338610152315,7.5123386101523145e-6,0.00449055837051985
7.550497969670321,7.55049796967032e-6,0.0046033559472090264
7.588851161867388,7.588851161867388e-6,0.004710453571166355
7.627399171327848,7.627399171327848e-6,0.0048136292630113695
7.666142987637286,7.666142987637287e-6,0.004919086456523114
7.7050836054079435,7.705083605407943e-6,0.005028125700406612
7.7442220243042525,7.744222024304251e-6,0.00516131028131058
7.783559249068499,7.783559249068499e-6,0.005298030069309568
7.823096289546614,7.823096289546614e-6,0.0054383790923733496
7.862834160714103,7.862834160714102e-6,0.005582453884271719
7.902773882702096,7.902773882702095e-6,0.005730353551477687
7.942916480823538,7.942916480823537e-6,0.005882179841860149
7.983262985599511,7.98326298559951e-6,0.00601713826043525
8.02381443278569,8.02381443278569e-6,0.006154989151610037
8.064571863398928,8.064571863398928e-6,0.006311382535668659
8.105536323743985,8.105536323743984e-6,0.006472348810827806
8.14670886544039,8.146708865440389e-6,0.006637480036251226
8.188090545449429,8.188090545449428e-6,0.006806885594574497
8.229682426101284,8.229682426101284e-6,0.00698067778426076
8.271485575122313,8.271485575122313e-6,0.007158971898463503
8.313501065662443,8.313501065662443e-6,0.007341886306051799
8.35572997632273,8.35572997632273e-6,0.007529542534857842
8.398173391183047,8.398173391183046e-6,0.007738852282271225
8.440832399829917,8.440832399829917e-6,0.007950489057038506
8.483708097384477,8.483708097384477e-6,0.008157534338735308
8.526801584530599,8.526801584530598e-6,0.008369975244699856
8.57011396754314,8.57011396754314e-6,0.008587952482527257
8.613646358316341,8.61364635831634e-6,0.008811610431681475
8.65739987439238,8.657399874392381e-6,0.009043087511937577
8.701375638990054,8.701375638990054e-6,0.0093051762534562
8.745574781033614,8.745574781033614e-6,0.009574956464835912
8.789998435181747,8.789998435181747e-6,0.009849155758873115
8.834647741856704,8.834647741856704e-6,0.010101687966690462
8.879523847273578,8.879523847273577e-6,0.01036078028863653
8.924627903469728,8.924627903469727e-6,0.010626605438585693
8.969961068334353,8.969961068334353e-6,0.010906637471109832
9.01552450563822,9.01552450563822e-6,0.011229620898585223
9.061319385063532,9.061319385063532e-6,0.011562169016972965
9.107346882233964,9.107346882233964e-6,0.011877526751362485
9.15360817874484,9.15360817874484e-6,0.012190571066981484
9.200104462193464,9.200104462193463e-6,0.012511866250552504
9.24683692620961,9.24683692620961e-6,0.012868859324309308
9.293806770486164,9.293806770486164e-6,0.013238915005749967
9.341015200809924,9.341015200809923e-6,0.013619751206582147
9.388463429092546,9.388463429092546e-6,0.014011686187188527
9.436152673401667,9.436152673401666e-6,0.014415047728666718
9.484084157992164,9.484084157992164e-6,0.014844111187448491
9.5322591133376,9.5322591133376e-6,0.015350356951225512
9.580678776161779,9.580678776161778e-6,0.015813871459095165
9.629344389470532,9.629344389470531e-6,0.016291395947758826
9.678257202583605,9.678257202583605e-6,0.016783354287438705
9.727418471166734,9.727418471166734e-6,0.01732122828315274
9.776829457263888,9.776829457263888e-6,0.017882161852179432
9.826491429329653,9.826491429329653e-6,0.018461321686332473
9.876405662261813,9.876405662261813e-6,0.019059302031342373
9.926573437434062,9.926573437434062e-6,0.019676716574697065
9.976996042728906,9.976996042728906e-6,0.02031419908392701
10.02767477257073,0.00001002767477257073,0.02091822546869227
10.07861092795902,0.000010078610927959018,0.02149395780548611
10.129805816501761,0.000010129805816501761,0.022104568386037363
10.181260752449017,0.000010181260752449016,0.022757274335828782
10.232977056726652,0.00001023297705672665,0.02342984660269022
10.284956056970255,0.000010284956056970256,0.02412290830401624
10.337199087559217,0.000010337199087559216,0.02483710265830822
10.389707489650982,0.000010389707489650982,0.025614014667056036
10.442482611215487,0.000010442482611215486,0.02653488741715239
10.495525807069756,0.000010495525807069755,0.02753218009492616
10.548838438912686,0.000010548838438912685,0.028642785683365826
10.602421875360005,0.000010602421875360004,0.029763578363603237
10.656277491979397,0.000010656277491979396,0.030767187363965026
10.710406671325831,0.00001071040667132583,0.031805165539422656
10.764810802977038,0.000010764810802977037,0.032878708308890454
10.819491283569192,0.000010819491283569191,0.0339890533030443
10.874449516832758,0.000010874449516832758,0.03513748187628536
10.92968691362854,0.000010929686913628539,0.03632532067357365
10.985204891983877,0.000010985204891983877,0.037553943254145544
11.04100487712907,0.00001104100487712907,0.038824771774206235
11.097088301533963,0.000011097088301533963,0.04021473938889547
11.153456604944704,0.000011153456604944704,0.04178245740859192
11.210111234420722,0.000011210111234420722,0.04352425373926444
11.267053644371865,0.000011267053644371864,0.045340093176021626
11.324285296595743,0.000011324285296595742,0.047233184575797435
11.381807660315248,0.000011381807660315248,0.04920687843363547
11.439622212216278,0.000011439622212216278,0.05118630641738775
11.497730436485641,0.000011497730436485641,0.05303182287899422
11.556133824849159,0.000011556133824849157,0.05494485185051591
11.61483387660996,0.00001161483387660996,0.057198185545946724
11.673832098686972,0.000011673832098686973,0.05978025143059508
11.733130005653601,0.000011733130005653601,0.06248118401568986
11.792729119776622,0.00001179272911977662,0.06530656114344391
11.852630971055246,0.000011852630971055246,0.06826222715331952
11.91283709726041,0.00001191283709726041,0.07135430582452054
11.97334904397424,0.000011973349043974239,0.07500326121019178
12.034168364629746,0.000012034168364629745,0.07906334864063669
12.09529662055068,0.000012095296620550679,0.08313051383087504
12.15673538099164,0.00001215673538099164,0.08741038534624132
12.218486223178333,0.000012218486223178333,0.09191426768688088
12.280550732348084,0.000012280550732348083,0.09688147011531215
12.342930501790516,0.000012342930501790516,0.10225021091862366
12.405627132888462,0.000012405627132888462,0.10792750362361822
12.468642235159075,0.000012468642235159075,0.11431737449737736
12.531977426295144,0.000012531977426295143,0.12214146416037132
12.59563433220661,0.000012595634332206608,0.13099999235560622
12.659614587062329,0.000012659614587062328,0.13931258348155978
12.723919833332014,0.000012723919833332014,0.1481619758124052
12.78855172182839,0.00001278855172182839,0.1586014573262855
12.853511911749592,0.000012853511911749592,0.1717924875884207
12.918802070721737,0.000012918802070721736,0.18652795385633816
12.98442387484175,0.00001298442387484175,0.2038852980377022
13.05037900872039,0.00001305037900872039,0.22293528321461975
13.116669165525488,0.000013116669165525487,0.24685952572834274
13.183296047025426,0.000013183296047025425,0.27751229164206886
13.250261363632813,0.000013250261363632812,0.31803846622066045
13.3175668344484,0.000013317566834448399,0.3756254985650888
13.385214187305206,0.000013385214187305206,0.4621778308755863
13.453205158812883,0.000013453205158812883,0.587918579540475
13.52154149440229,0.00001352154149440229,0.7408412280390205
13.590224948370306,0.000013590224948370305,0.8717989498289733
13.659257283924855,0.000013659257283924855,702995.44808235
13.728640273230187,0.000013728640273230186,699484.8026465736
13.798375697452357,0.000013798375697452356,695950.141453366
13.86846534680496,0.00001386846534680496,692407.3689430319
13.938911020595084,0.000013938911020595084,688853.1836710032
14.009714527269498,0.000014009714527269498,685525.7205643535
14.080877684461086,0.000014080877684461085,682402.1628383016
14.152402319035502,0.000014152402319035502,679266.3522931298
14.224290267138068,0.000014224290267138067,676187.8835723649
14.296543374240917,0.000014296543374240917,673074.6449092505
14.369163495190364,0.000014369163495190364,670335.3357171317
14.442152494254513,0.000014442152494254512,667576.315145192
14.515512245171138,0.000014515512245171137,664702.9406105028
14.589244631195772,0.000014589244631195772,661581.1330707435
14.663351545150046,0.000014663351545150046,658733.8693036402
14.737834889470296,0.000014737834889470295,655825.4900348713
14.812696576256391,0.000014812696576256391,652988.0879115906
14.88793852732082,0.00001488793852732082,650247.5714137612
14.963562674238032,0.00001496356267423803,647610.2373002493
15.039570958394021,0.000015039570958394021,644757.056088428
15.115965331036161,0.000015115965331036161,641987.2325036766
15.192747753323305,0.000015192747753323305,639341.699105873
15.26992019637612,0.000015269920196376117,636673.5151120203
15.347484641327698,0.000015347484641327697,633892.4977886239
15.42544307937441,0.00001542544307937441,631105.4654336494
15.503797511827031,0.00001550379751182703,628419.6956780795
15.582549950162099,0.000015582549950162098,625743.7328748354
15.661702416073572,0.00001566170241607357,623025.3548610257
15.741256941524716,0.000015741256941524715,620331.3360936994
15.821215568800273,0.00001582121556880027,617663.9060530275
15.90158035055889,0.00001590158035055889,615163.1927122297
15.982353349885809,0.00001598235334988581,612551.3735289983
16.06353664034584,0.00001606353664034584,609994.2802704198
16.14513230603658,0.000016145132306036578,607457.3165364508
16.22714244164192,0.00001622714244164192,604796.4985589106
16.30956915248582,0.00001630956915248582,602187.5918584967
16.39241455458636,0.00001639241455458636,599576.7042442826
16.47568077471006,0.00001647568077471006,597137.9793854441
16.55936995042645,0.00001655936995042645,594604.7227247767
16.643484230162993,0.000016643484230162993,592092.6875903426
16.728025773260207,0.000016728025773260204,589629.4229395111
16.812996750027104,0.000016812996750027104,587144.9580993112
16.898399341796903,0.0000168983993417969,584540.1627769859
16.98423574098304,0.000016984235740983038,581982.2652713194
17.070508151135435,0.000017070508151135435,579470.6387724676
17.15721878699707,0.00001715721878699707,577004.6651781715
17.244369874560846,0.000017244369874560846,574568.7796392275
17.331963651126713,0.000017331963651126713,572144.4708776702
17.42000236535913,0.000017420002365359132,569663.6361089367
17.50848827734477,0.00001750848827734477,567253.2436530612
17.597423658650545,0.000017597423658650545,564911.5416109649
17.686810792381927,0.000017686810792381926,562449.6408253295
17.776651973241552,0.000017776651973241552,559949.3250903036
17.866949507588135,0.000017866949507588133,557542.9843164816
17.95770571349567,0.00001795770571349567,555182.8957431375
18.048922920812945,0.000018048922920812945,552813.9130858718
18.140603471223347,0.000018140603471223346,550505.6418662883
18.232749718304984,0.000018232749718304983,548158.2974714233
18.32536402759109,0.00001832536402759109,545848.6681417621
18.41844877663078,0.000018418448776630778,543557.5655820197
18.512006355050048,0.000018512006355050046,541159.3455345705
18.606039164613144,0.000018606039164613143,538826.3944170291
18.70054961928422,0.00001870054961928422,536530.2058504223
18.79554014528929,0.00001879554014528929,534268.1157962277
18.89101318117854,0.00001889101318117854,531934.9110239901
18.986971177888886,0.000018986971177888886,529679.582105758
19.083416598806938,0.000019083416598806938,527407.1704969641
19.180351919832223,0.000019180351919832223,525163.5167393233
19.277779629440737,0.000019277779629440737,522969.36039734853
19.375702228748835,0.000019375702228748834,520657.4147133781
19.474122231577446,0.000019474122231577446,518376.0928674922
19.573042164516583,0.000019573042164516582,516125.4996950816
19.67246456699023,0.000019672464566990228,513914.8657819849
19.772391991321516,0.000019772391991321516,511733.96242861304
19.872827002798253,0.000019872827002798252,509582.3805730682
19.97377217973877,0.00001997377217973877,507425.9323427974
20.075230113558124,0.000020075230113558122,505200.6714392994
20.177203408834604,0.000020177203408834603,503015.59033581393
20.27969468337661,0.00002027969468337661,500859.453659472
20.38270656828986,0.000020382706568289858,498731.85532164393
20.48624170804491,0.00002048624170804491,496536.45426238276
20.59030276054507,0.00002059030276054507,494320.4999727
20.694892397194625,0.000020694892397194625,492132.06109573715
20.800013302967397,0.000020800013302967395,489970.75374895683
20.905668176475707,0.000020905668176475707,487839.3056011912
21.011859730039625,0.000021011859730039624,485734.6393886599
21.11859068975661,0.00002111859068975661,483655.88599931257
21.22586379557148,0.00002122586379557148,481544.79894999304
21.333681801346785,0.000021333681801346785,479455.28520856326
21.442047474933457,0.000021442047474933455,477354.70856426004
21.550963598241903,0.0000215509635982419,475298.6495240815
21.6604329673134,0.0000216604329673134,473234.02165316034
21.770458392391866,0.000021770458392391865,471108.74943953234
21.881042697996033,0.00002188104269799603,469007.45023366215
21.992188722991937,0.000021992188722991935,466929.7948432019
22.10389932066579,0.000022103899320665787,464896.4449055828
22.216177358797246,0.000022216177358797244,462846.10225909436
22.329025719733007,0.000022329025719733007,460818.71621430793
22.442447300460824,0.000022442447300460824,458787.38820751605
22.556445012683866,0.000022556445012683864,456755.04743793164
22.671021782895465,0.000022671021782895464,454744.66074519075
22.786180552454244,0.000022786180552454242,452775.8253503515
22.90192427765963,0.00002290192427765963,450795.35154348024
23.01825592982775,0.000023018255929827748,448815.8465120411
23.13517849536769,0.000023135178495367688,446769.79124465527
23.252694975858187,0.000023252694975858187,444746.64690945053
23.370808388124665,0.000023370808388124664,442748.87120973563
23.489521764316688,0.000023489521764316687,440763.9117731466
23.608838151985804,0.000023608838151985802,438793.26320306817
23.728760614163765,0.000023728760614163762,436837.7776506109
23.849292229441183,0.00002384929222944118,434869.0684783135
23.970436092046544,0.000023970436092046544,432899.0258627741
24.092195311925643,0.000024092195311925642,430902.60904745664
24.214573014821433,0.000024214573014821433,428922.10960710875
24.33757234235425,0.00002433757234235425,426979.7767648403
24.461196452102484,0.000024461196452102485,425059.40766291704
24.585448517683623,0.00002458544851768362,423151.49787555827
24.71033172883572,0.000024710331728835718,421254.08222680027
24.83584929149931,0.00002483584929149931,419294.4029970348
24.962004427899657,0.000024962004427899656,417353.2107052548
25.088800376629525,0.000025088800376629523,415421.69468976534
25.216240392732296,0.000025216240392732295,413514.068607355
25.344327747785535,0.000025344327747785532,411608.89762834326
25.47306572998497,0.00002547306572998497,409678.1885479411
25.602457644228913,0.000025602457644228913,407755.0273338259
25.732506812203095,0.000025732506812203093,405849.30052727484
25.86321657246595,0.00002586321657246595,403960.7849725302
25.994590280534304,0.000025994590280534303,402089.26063125784
26.126631308969532,0.00002612663130896953,400222.05198912026
26.25934304746412,0.00002625934304746412,398355.733884147
26.392728902928713,0.00002639272890292871,396505.8833288209
26.526792299579533,0.00002652679229957953,394672.2924524958
26.66153667902632,0.000026661536679026318,392817.78953352553
26.79696550036067,0.00002679696550036067,390939.14385770494
26.933082240244836,0.000026933082240244835,389076.60097817157
27.069890393000968,0.000027069890393000966,387238.63825726684
27.207393470700843,0.00002720739347070084,385425.794272967
27.345595003255998,0.000027345595003255996,383601.72929537355
27.48449853850837,0.000027484498538508368,381731.59881146066
27.624107642321352,0.00002762410764232135,379885.73169695225
27.764425898671362,0.000027764425898671362,378084.9928144223
27.905456909739826,0.000027905456909739825,376252.89511417336
28.047204296005656,0.000028047204296005654,374421.99652527267
28.18967169633821,0.000028189671696338206,372601.8221298538
28.33286276809067,0.00002833286276809067,370797.47721191356
28.476781187193996,0.000028476781187193996,368998.6959438336
28.621430648251195,0.000028621430648251193,381803.67949389876
28.76681486463227,0.000028766814864632268,380229.59636898985
28.91293756856949,0.000028912937568569487,378658.1226760752
29.059802511253206,0.000029059802511253205,377107.93362658756
29.20741346292817,0.000029207413462928168,375563.71078759106
29.3557742129903,0.0000293557742129903,374031.56270319223
29.504888570083985,0.000029504888570083985,372508.97500305943
29.654760362199823,0.000029654760362199823,371004.4761438232
29.805393436772928,0.000029805393436772927,369492.3978621637
29.95679166078168,0.000029956791660781677,367958.48555657937
30.108958920846995,0.000030108958920846994,366457.5012119396
30.261899123332114,0.000030261899123332113,364936.76825119654
30.41561619444287,0.00003041561619444287,363425.23014739633
30.570114080328487,0.000030570114080328484,361925.89970216056
30.725396747182884,0.000030725396747182885,360393.4565359151
30.88146818134649,0.00003088146818134649,358872.82557380426
31.03833238940859,0.00003103833238940859,357363.8649189747
31.195993398310158,0.000031195993398310154,355866.4346052149
31.354455255447252,0.00003135445525544725,354357.47202573705
31.513722028774925,0.000031513722028774925,352842.2083791951
31.673797806911626,0.000031673797806911626,351320.8627155469
31.83468669924419,0.00003183468669924419,349795.3093971735
31.99639283603332,0.00003199639283603332,348279.020762252
32.15892036851961,0.00003215892036851961,346731.47299786063
32.32227346903013,0.00003232227346903013,345196.82472572324
32.48645633108552,0.00003248645633108552,343673.33962412
32.65147316950767,0.00003265147316950767,342160.89120262954
32.81732822052786,0.00003281732822052786,340651.9137117537
32.98402574189559,0.00003298402574189559,339139.6891234091
33.15157001298785,0.00003315157001298785,337648.9723222422
33.31996533491894,0.00003331996533491894,336169.438745166
33.48921603065094,0.00003348921603065093,334700.1485025285
33.65932644510467,0.00003365932644510467,333169.52507780294
33.83030094527122,0.00003383030094527122,331646.01426721073
34.002143920324066,0.00003400214392032407,330104.98771804443
34.17485978173175,0.00003417485978173175,328561.78570127697
34.3484529633711,0.0000343484529633711,327029.4379892644
34.52292792164113,0.00003452292792164113,325500.8983224387
34.698289135577326,0.00003469828913557732,323937.2833803889
34.874541106966745,0.00003487454110696674,322395.2026441402
35.051688360463515,0.00003505168836046351,320854.53267120523
35.229735443705,0.000035229735443705004,319307.1660153285
35.40868692742857,0.000035408686927428565,317768.23416310933
35.58854740558889,0.00003558854740558889,316214.0912750138
35.76932149547592,0.00003576932149547592,314652.4984389926
35.951013837833386,0.00003595101383783339,313101.5999405618
36.13362909697795,0.00003613362909697795,311559.59956616414
36.31717196091894,0.00003631717196091894,310003.8699574185
36.501647141478706,0.000036501647141478705,308482.3204255682
36.687059374413565,0.000036687059374413565,306976.40259244834
36.87341341953538,0.00003687341341953538,305436.48889380944
37.06071406083376,0.00003706071406083376,303894.4819164054
37.248966106598864,0.00003724896610659886,302362.8800736708
37.43817438954486,0.00003743817438954486,300849.3542086014
37.628343766933924,0.000037628343766933925,299322.64017628436
37.819479120701004,0.000037819479120701004,297789.0697306342
38.011585357579115,0.00003801158535757911,296246.0811681866
38.20466740922532,0.00003820466740922532,294649.01749938744
38.39873023234731,0.00003839873023234731,293071.5494895223
38.593778808830656,0.00003859377880883065,291505.71623275016
38.789818145866704,0.000038789818145866705,289950.4218983138
38.98685327608113,0.00003898685327608113,288414.1459329404
39.18488925766311,0.00003918488925766311,286886.33068876725
39.383931174495196,0.000039383931174495196,285366.8188456998
39.58398413628381,0.00003958398413628381,283839.57202719233
39.785053278690434,0.00003978505327869043,282297.8737727435
39.98714376346343,0.00003998714376346343,280735.09623468167
40.19026077857056,0.00004019026077857056,279178.3251319538
40.39440953833218,0.000040394409538332175,277613.74932542356
40.59959528355506,0.000040599595283555056,276055.19849336403
40.805823281666996,0.000040805823281666994,274505.44663314265
41.01309882685196,0.00004101309882685196,272955.9579308186
41.22142724018603,0.00004122142724018603,271413.4747209875
41.430813869774035,0.00004143081386977403,269821.88640570245
41.641264090886764,0.00004164126409088676,268247.89850192866
41.852783306099056,0.00004185278330609905,266707.0466809647
42.0653769454284,0.000042065376945428394,265170.79852265737
42.279050466474395,0.000042279050466474396,263622.0989381503
42.493809354558834,0.00004249380935455883,262068.8537849745
42.70965912286651,0.00004270965912286651,260526.2574281605
42.926605312586794,0.00004292660531258679,258994.62851069713
43.14465349305576,0.00004314465349305576,257427.86081707806
43.363809261899355,0.00004336380926189935,255847.08140506133
43.58407824517692,0.000043584078245176914,254277.33872599134
43.80546609752572,0.00004380546609752572,252718.53786538058
44.02797850230608,0.000044027978502306075,251172.61585918668
44.25162117174726,0.00004425162117174726,249595.16000034445
44.47639984709414,0.00004447639984709414,248048.45078958265
44.70232029875459,0.000044702320298754594,246513.18936252536
44.929388326447594,0.00004492938832644759,244988.49501115823
45.15760975935213,0.00004515760975935212,243437.3521135003
45.38699045625684,0.000045386990456256835,241882.75039791228
45.61753630571043,0.00004561753630571043,240338.6128373823
45.849253226172834,0.00004584925322617283,238780.06165943708
46.082147166167125,0.00004608214716616712,237212.4533004321
46.316224104432266,0.000046316224104432265,235656.1579363489
46.551490050076545,0.00004655149005007654,234111.43357879622
46.7879510427319,0.0000467879510427319,232578.68684881978
47.0256131527089,0.000047025613152708895,231044.5232735335
47.26448248115261,0.00004726448248115261,229537.9736654353
47.50456516019924,0.000047504565160199236,228012.6884493803
47.74586735313351,0.00004774586735313351,226489.7764036966
47.98839525454694,0.000047988395254546935,224950.1038382592
48.23215509049678,0.00004823215509049678,223407.7694309569
48.47715311866595,0.00004847715311866595,221867.8215591707
48.723395628523626,0.00004872339562852362,220316.08171346367
48.970888941486685,0.000048970888941486685,218774.25443582435
49.219639411082035,0.000049219639411082036,217243.96264626537
49.46965342310964,0.00004946965342310964,215725.10963290458
49.72093739580657,0.00004972093739580657,214217.5996237914
49.97349778001167,0.000049973497780011666,212724.93229433417
50.22734105933119,0.00005022734105933119,211220.03309321642
50.48247375030525,0.00005048247375030525,209696.9592610169
50.738902402575114,0.00005073890240257511,208185.54164488617
50.99663359905131,0.00005099663359905131,206685.68147944234
51.25567395608265,0.00005125567395608265,205197.280963988
51.51603012362609,0.000051516030123626086,203719.73720533747
51.7777087854174,0.0000517777087854174,202208.7211947826
52.040716659142795,0.00005204071665914279,200703.2170310381
52.30506049661136,0.00005230506049661136,199206.35184103975
52.57074708392838,0.00005257074708392838,197723.10202551415
52.837783241669555,0.000052837783241669556,196254.50502996313
53.10617582505611,0.00005310617582505611,194771.53179188177
53.37593172413075,0.00005337593172413075,193269.09830157366
53.64705786393455,0.00005364705786393455,191791.75211186445
53.91956120468474,0.00005391956120468474,190327.1837714453
54.19344874195337,0.00005419344874195337,188874.29141409692
54.46872750684692,0.000054468727506846914,187432.9749052807
54.74540456618678,0.00005474540456618678,186003.13505329788
55.023487022690595,0.000055023487022690593,184568.97005455944
55.30298201515484,0.000055302982015154835,183144.18298923955
55.58389671863772,0.00005558389671863771,181711.29016608483
55.86623834464376,0.00005586623834464376,180271.7583995317
56.15001414130855,0.00005615001414130855,178840.04928632313
56.43523139358521,0.00005643523139358521,177387.9650530921
56.72189742343099,0.000056721897423430986,175957.90921006005
57.010019589995636,0.00005701001958999563,174563.49659648372
57.29960528980994,0.000057299605289809934,173172.72558433158
57.59066195697601,0.000057590661956976005,171750.7896458376
57.88319706335767,0.000057883197063357665,170343.40331325354
58.17721811877275,0.00005817721811877275,168948.03774547303
58.47273267118541,0.00005847273267118541,167552.44515459676
58.76974830690034,0.00005876974830690034,166166.91064973664
59.0682726507571,0.0000590682726507571,164793.14991624322
59.36831336632628,0.000059368313366326274,163431.0583058947
59.66987815610579,0.00005966987815610578,162061.9027615884
59.97297476171905,0.00005997297476171905,160682.32887371388
60.27761096411336,0.00006027761096411335,159346.85610940272
60.58379458375976,0.00006058379458375976,157988.578145629
60.89153348085402,0.00006089153348085402,156641.85689954954
61.200835555518,0.000061200835555518,155307.5588320882
61.511708748002896,0.00006151170874800289,153985.06507602418
61.824161038892655,0.00006182416103889265,152662.59545128618
62.138200449309295,0.0000621382004493093,151341.32838994844
62.45383504111836,0.00006245383504111836,150028.86911376237
62.77107291713633,0.00006277107291713633,148728.0310274791
63.08992222133818,0.00006308992222133817,147438.70771159005
63.41039113906691,0.00006341039113906691,146106.4804384097
63.732487897243224,0.00006373248789724322,144787.41671524753
64.05622076457716,0.00006405622076457716,143511.4995531907
64.38159805177993,0.00006438159805177993,142229.10955340572
64.70862811177773,0.00006470862811177772,140958.73026900692
65.03731933992566,0.00006503731933992566,139700.93151941756
65.36768017422376,0.00006536768017422376,138453.44280542244
65.69971909553317,0.00006569971909553317,137215.68704668467
66.03344462779427,0.00006603344462779427,135990.0785942248
66.36886533824504,0.00006636886533824504,134773.7246283621
66.70598983764152,0.00006670598983764152,133573.6845516177
67.04482678047832,0.00006704482678047831,132347.43127876965
67.38538486521126,0.00006738538486521127,131110.93502816936
67.72767283448033,0.00006772767283448032,129886.14776531975
68.0716994753344,0.00006807169947533439,128672.95629711982
68.41747361945649,0.00006841747361945648,127472.76377340363
68.76500414339087,0.00006876500414339087,126302.19683422883
69.11429996877058,0.00006911429996877058,125142.53439652112
69.4653700625466,0.00006946537006254659,123993.67256670017
69.81822343721824,0.00006981822343721823,122848.96648356663
70.17286915106406,0.00007017286915106406,121688.3722344517
70.52931630837496,0.00007052931630837496,120537.41296650501
70.88757405968732,0.00007088757405968732,119393.40784555514
71.24765160201848,0.00007124765160201848,118251.02817892928
71.6095581791023,0.00007160955817910229,117124.56225905113
71.97330308162697,0.00007197330308162696,115997.15752015384
72.33889564747301,0.000072338895647473,114891.73996565398
72.70634526195354,0.00007270634526195354,113794.03281657302
73.07566135805463,0.00007307566135805463,112706.93168594428
73.44685341667801,0.00007344685341667801,111617.26165800868
73.81993096688393,0.00007381993096688392,110522.13582022747
74.19490358613636,0.00007419490358613636,109456.4502110435
74.57178090054825,0.00007457178090054825,108407.26914769704
74.95057258512921,0.0000749505725851292,107356.55915677398
75.3312883640334,0.00007533128836403339,106316.02236224392
75.71393801080958,0.00007571393801080958,105282.47677280707
76.09853134865165,0.00007609853134865164,104238.54467500793
76.48507825065116,0.00007648507825065115,103206.72223618171
76.87358864005039,0.00007687358864005038,102185.36741433966
77.26407249049755,0.00007726407249049756,101162.10109589325
77.65653982630235,0.00007765653982630234,100158.96219557621
78.05100072269376,0.00007805100072269376,99171.15271706076
78.44746530607823,0.00007844746530607823,98193.2155732787
78.84594375430017,0.00007884594375430017,97204.04321350534
79.24644629690268,0.00007924644629690267,96220.00251654384
79.64898321539047,0.00007964898321539047,95237.3685560774
80.05356484349394,0.00008005356484349395,94286.57603392367
80.46020156743398,0.00008046020156743398,93358.56400646939
80.86890382618918,0.00008086890382618918,92439.80459141204
81.27968211176326,0.00008127968211176326,91521.3826632442
81.69254696945495,0.00008169254696945495,90587.32127325975
82.10750899812814,0.00008210750899812813,89662.8602112465
82.52457885048457,0.00008252457885048456,88745.0944114833
82.9437672333367,0.0000829437672333367,87835.08002063437
83.36508490788316,0.00008336508490788316,86934.36570876311
83.78854268998441,0.00008378854268998441,86043.73469352364
84.21415145044102,0.00008421415145044102,85172.52741077915
84.64192211527208,0.00008464192211527207,84298.65048955145
85.07186566599636,0.00008507186566599635,83433.80417792607
85.50399313991359,0.00008550399313991358,82565.6522612513
85.93831563038839,0.00008593831563038838,81705.64074513741
86.37484428713447,0.00008637484428713446,80854.76546358952
86.81359031650149,0.00008681359031650149,80027.52495788415
87.25456498176206,0.00008725456498176206,79212.07878150638
87.69777960340156,0.00008769777960340155,78403.80523046925
88.14324555940816,0.00008814324555940815,77593.39559294557
88.59097428556544,0.00008859097428556544,76774.79253152036
89.0409772757454,0.0000890409772757454,75967.47476819354
89.4932660822042,0.0000894932660822042,75168.60490379421
89.94785231587795,0.00008994785231587795,74378.1337519539
90.40474764668157,0.00009040474764668157,73596.14853655001
90.86396380380774,0.00009086396380380773,72816.75031964984
91.32551257602822,0.00009132551257602821,72038.62024097584
91.78940581199677,0.00009178940581199677,71277.68369623195
92.2556554205528,0.0000922556554205528,70527.25368644361
92.72427337102762,0.00009272427337102761,69784.71540533226
93.19527169355116,0.00009319527169355115,69050.03756806474
93.66866247936142,0.0000936686624793614,68331.93128121336
94.1444578811142,0.00009414445788111421,67622.50854606899
94.62267011319578,0.00009462267011319577,66910.22380233431
95.10331145203574,0.00009510331145203574,66193.377510782
95.58639423642289,0.00009558639423642289,65472.77932029324
96.07193086782125,0.00009607193086782124,64759.07765797595
96.55993381068916,0.00009655993381068916,64073.72331257859
97.05041559279853,0.00009705041559279852,63395.65993573866
97.5433888055572,0.00009754338880555719,62724.80859608884
98.03886610433143,0.00009803886610433143,62054.34279374178
98.53686020877147,0.00009853686020877146,61387.16826779294
99.03738390313745,0.00009903738390313745,60730.88340204826
99.54045003662824,0.00009954045003662824,60087.976419724764
100.04607152371061,0.0001000460715237106,59450.526948880084
100.55426134445143,0.00010055426134445142,58803.603958048414
101.06503254485028,0.00010106503254485027,58164.27268284041
101.57839823717497,0.00010157839823717496,57519.31241687297
102.09437160029745,0.00010209437160029745,56890.88787410238
102.61296588003293,0.00010261296588003292,56273.269468699924
103.1341943894791,0.0001031341943894791,55662.4519956998
103.65807050935872,0.00010365807050935872,55057.73680286652
104.18460768836236,0.00010418460768836236,54461.248633798976
104.71381944349406,0.00010471381944349406,53873.95984235122
105.24571936041849,0.00010524571936041848,53287.81316275927
105.78032109380915,0.00010578032109380914,52711.098585303625
106.31763836769962,0.00010631763836769961,52141.39104783226
106.8576849758351,0.0001068576849758351,51574.95971270303
107.40047478202733,0.00010740047478202733,51009.38518061399
107.94602172050972,0.00010794602172050971,50449.45435876435
108.49433979629573,0.00010849433979629572,49900.37074610546
109.04544308553781,0.00010904544308553781,49360.45248550211
109.59934573588936,0.00010959934573588936,48820.38185164793
110.15606196686724,0.00011015606196686723,48284.9593994075
110.71560607021759,0.00011071560607021759,47752.813630348384
111.27799241028184,0.00011127799241028184,47224.38687371434
111.8432354243664,0.0001118432354243664,46705.329585529435
112.41134962311234,0.00011241134962311234,46192.05545069819
112.98234959086886,0.00011298234959086886,45682.67069674816
113.55624998606673,0.00011355624998606673,45173.695956690724
114.1330655415955,0.00011413306554159549,44671.30633152312
114.71281106518089,0.00011471281106518089,44180.79909101506
115.29550143976572,0.00011529550143976571,43694.111742415145
115.88115162389116,0.00011588115162389115,43212.80436883107
116.46977665208159,0.00011646977665208158,42733.01166287269
117.06139163522971,0.00011706139163522971,42260.96115239654
117.65601176098528,0.00011765601176098528,41794.23148830603
118.2536522941442,0.0001182536522941442,41326.96262092646
118.8543285770412,0.0001188543285770412,40867.00452215735
119.45805602994298,0.00011945805602994298,40414.19847398285
120.06485015144436,0.00012006485015144435,39965.979512049154
120.6747265188665,0.0001206747265188665,39514.36815117617
121.28770078865607,0.00012128770078865606,39067.76453487511
121.90378869678794,0.00012190378869678793,38630.55429224418
122.5230060591684,0.0001225230060591684,38201.40050887575
123.14536877204193,0.00012314536877204192,37777.76404689189
123.77089281239853,0.00012377089281239852,37358.84058689497
124.39959423838465,0.00012439959423838465,36943.00563521667
125.03148918971458,0.00012503148918971456,36530.72718239126
125.66659388808569,0.00012566659388808568,36123.194076896216
126.30492463759393,0.0001263049246375939,35714.35311030428
126.94649782515333,0.00012694649782515332,35315.27211352388
127.59132992091574,0.00012759132992091573,34917.66725224461
128.23943747869453,0.0001282394374786945,34520.9375329287
128.8908371363887,0.00012889083713638871,34128.928324788474
129.54554561641086,0.00012954554561641086,33741.28496951621
130.20357972611563,0.00013020357972611562,33358.84940139207
130.86495635823206,0.00013086495635823207,32981.20373828294
131.52969249129626,0.00013152969249129626,32607.86849162529
132.1978051900883,0.0001321978051900883,32239.005323925954
132.86931160606935,0.00013286931160606935,31877.318910947568
133.54422897782285,0.00013354422897782285,31518.199776708185
134.22257463149617,0.00013422257463149617,31158.979034673986
134.90436598124634,0.00013490436598124635,30806.60251157728
135.58962052968613,0.00013558962052968613,30458.252301340715
136.27835586833427,0.00013627835586833427,30113.824591157303
136.97058967806632,0.00013697058967806632,29773.208388361127
137.66633972956888,0.00013766633972956888,29438.05246674052
138.36562388379613,0.00013836562388379613,29106.86223883564
139.0684600924275,0.00013906846009242749,28778.926759253245
139.77486639832952,0.00013977486639832952,28448.75513797086
140.484860936018,0.000140484860936018,28124.660311138297
141.19846193212464,0.00014119846193212464,27802.132534892156
141.9156877058638,0.0001419156877058638,27482.24761586658
142.63655666950385,0.00014263655666950384,27167.976706199042
143.36108732883886,0.00014336108732883885,26858.430497902933
144.08929828366468,0.00014408929828366466,26552.37781842496
144.82120822825536,0.00014482120822825536,26247.5407408962
145.55683595184414,0.00014555683595184412,25945.456594545165
146.29620033910473,0.00014629620033910473,25647.161960779424
147.03932037063714,0.00014703932037063712,25353.056539720128
147.78621512345396,0.00014778621512345395,25062.331001804756
148.53690377147103,0.00014853690377147102,24769.573730712156
149.29140558599875,0.00014929140558599875,24481.587056929253
150.04973993623773,0.00015004973993623771,24204.715793156513
150.81192628977504,0.00015081192628977504,23930.416178354724
151.57798421308507,0.00015157798421308507,23656.200962864
152.34793337203067,0.00015234793337203065,23384.64122793577
153.1217935323691,0.00015312179353236911,23116.26420882497
153.89958456025843,0.00015389958456025842,22850.86530597706
154.68132642276854,0.00015468132642276853,22583.895256531945
155.4670391883927,0.0001554670391883927,22325.857369492525
156.25674302756377,0.00015625674302756376,22070.492136117362
157.05045821317108,0.00015705045821317107,21814.71783828132
157.84820512108126,0.00015784820512108126,21559.57838509605
158.65000423066184,0.00015865000423066184,21307.247499453482
159.4558761253058,0.0001594558761253058,21059.863195895123
160.2658414929613,0.0001602658414929613,20817.354659636014
161.07992112666156,0.00016107992112666155,20577.724377669892
161.89813592505976,0.00016189813592505976,20340.66804562773
162.72050689296447,0.00016272050689296447,20104.542808611586
163.54705514187992,0.0001635470551418799,19867.41305852067
164.37780189054692,0.0001643778018905469,19633.147487879538
165.21276846548867,0.00016521276846548865,19402.302705076574
166.05197630155706,0.00016605197630155705,19179.212129827712
166.89544694248423,0.0001668954469424842,18956.84420050014
167.74320204143427,0.00016774320204143427,18737.068281988282
168.59526336156046,0.00016859526336156046,18518.96350690693
169.45165277656255,0.00016945165277656256,18303.417755256964
170.31239227124976,0.00017031239227124976,18090.40825164316
171.17750394210373,0.0001711775039421037,17878.78756162854
172.0470099978471,0.0001720470099978471,17669.554778790825
172.9209327600124,0.0001729209327600124,17462.437793289257
173.79929466351624,0.00017379929466351622,17257.45236126971
174.68211825723412,0.00017468211825723412,17056.122809184337
175.5694262045805,0.0001755694262045805,16856.719991674763
176.4612412840893,0.0001764612412840893,16656.597792974266
177.35758638999997,0.00017735758638999996,16458.269432855155
178.25848453284394,0.00017825848453284393,16264.611097832001
179.16395884003657,0.00017916395884003656,16072.972374771402
180.0740325564699,0.00018007403255646987,15883.188944116791
180.98872904510958,0.00018098872904510958,15696.634389513492
181.90807178759545,0.00018190807178759545,15511.741561215933
182.83208438484294,0.00018283208438484293,15329.911302938614
183.7607905576504,0.0001837607905576504,15149.217797368563
184.69421414730667,0.00018469421414730666,14970.66462062921
185.63237911620448,0.00018563237911620447,14794.431278655386
186.57530954845421,0.0001865753095484542,14619.18517795045
187.52302965050362,0.0001875230296505036,14444.001709302227
188.47556375175782,0.0001884755637517578,14271.435235244116
189.4329363052052,0.0001894329363052052,14105.485416498459
190.39517188804385,0.00019039517188804383,13941.887921901081
191.36229520231385,0.00019136229520231384,13777.33238936761
192.33433107553006,0.00019233433107553006,13614.5863483734
193.3113044613208,0.00019331130446132079,13453.732930124883
194.29324044006708,0.00019429324044006706,13293.683155077355
195.28016421954794,0.00019528016421954794,13134.871425901834
196.27210113558604,0.00019627210113558604,12979.502567886586
197.26907665269948,0.00019726907665269949,12826.900163264036
198.27111636475422,0.0001982711163647542,12673.705329876033
199.27824599562243,0.00019927824599562242,12521.92383534181
200.29049139984147,0.00020029049139984147,12370.16229949065
201.30787856327902,0.000201307878563279,12222.234868572374
202.33043360379878,0.00020233043360379878,12076.270329334158
203.3581827719324,0.0002033581827719324,11931.803828499436
204.39115245155185,0.00020439115245155185,11788.135154776113
205.42936916054825,0.00020542936916054824,11647.144688192411
206.47285955151136,0.00020647285955151135,11509.419553148029
207.52165041241432,0.0002075216504124143,11373.27273831176
208.57576866730184,0.00020857576866730183,11238.738812511425
209.6352413769802,0.00020963524137698018,11103.85294149944
210.70009573971328,0.00021070009573971328,10968.05334571115
211.7703590919194,0.00021177035909191938,10835.3374427583
212.84605890887462,0.00021284605890887462,10706.88782109432
213.92722280541642,0.0002139272228054164,10579.518253028102
215.01387853665426,0.00021501387853665424,10453.733115835726
216.10605399868044,0.00021610605399868043,10328.854841224918
217.20377722928797,0.00021720377722928794,10205.24914801944
218.30707640868854,0.00021830707640868854,10082.969741830762
219.41597986023783,0.00021941597986023783,9961.961505660465
220.53051605116065,0.00022053051605116063,9842.30817945856
221.65071359328363,0.0002216507135932836,9723.17784578476
222.77660124376808,0.00022277660124376807,9605.439957391538
223.90820790584968,0.00022390820790584967,9489.171107854929
225.045562629579,0.000225045562629579,9374.605514587036
226.18869461256887,0.00022618869461256885,9261.747871302685
227.33763320074223,0.00022733763320074223,9150.074211739513
228.4924078890872,0.00022849240788908718,9039.30931362147
229.6530483224125,0.0002296530483224125,8930.127911608568
230.81958429611032,0.0002308195842961103,8822.727830168455
231.99204575691934,0.00023199204575691931,8716.644924197575
233.1704628036953,0.0002331704628036953,8611.09251352223
234.354865688182,0.000234354865688182,8506.406507523414
235.54528481578956,0.00023554528481578956,8402.812378311655
236.7417507463735,0.0002367417507463735,8301.667982786541
237.94429419501992,0.0002379442941950199,8202.933264602112
239.1529460328346,0.00023915294603283458,8105.691754788953
240.36773728773403,0.00024036773728773402,8006.630750459244
241.58869914524368,0.00024158869914524367,7908.432099747903
242.81586294929684,0.00024281586294929683,7811.2138997674665
244.04926020304097,0.00024404926020304095,7716.4457874748205
245.28892256964474,0.00024528892256964473,7622.828741100712
246.53488187311262,0.0002465348818731126,7530.018227204751
247.78717009910002,0.0002477871700991,7437.3620503738575
249.0458193957363,0.00024904581939573625,7345.921791062396
250.31086207444812,0.00025031086207444813,7256.617732156343
251.5823306107909,0.0002515823306107909,7169.169205599152
252.86025764528057,0.00025286025764528053,7081.406457122629
254.14467598423334,0.0002541446759842333,6994.816119049051
255.43561860060618,0.00025543561860060616,6910.3852891587185
256.7331186348449,0.0002567331186348449,6826.51458582153
258.0372093957333,0.0002580372093957333,6743.662929024717
259.34792436125,0.00025934792436125003,6661.8179350567425
260.66529717942603,0.000260665297179426,6579.947676286408
261.9893616692103,0.00026198936166921033,6499.699827220822
263.3201518213365,0.0002633201518213365,6421.225293503869
264.6577017991966,0.0002646577017991966,6344.188350083564
266.00204593971705,0.00026600204593971703,6267.848029538272
267.3532187542414,0.0002673532187542414,6190.777098270713
268.7112549294148,0.0002687112549294148,6114.166883342643
270.0761893280759,0.00027007618932807585,6038.920411961066
271.4480569901507,0.0002714480569901507,5965.296552908483
272.82689313355246,0.00027282689313355246,5892.5674017303245
274.2127331550865,0.00027421273315508647,5819.454119759402
275.6056126313575,0.0002756056126313575,5746.917823473061
277.00556731968425,0.0002770055673196842,5675.471419466033
278.41263315901625,0.00027841263315901623,5606.279520461896
279.82684627085774,0.00027982684627085775,5537.014336423152
281.24824296019335,0.00028124824296019336,5468.542465045087
282.6768597164219,0.0002826768597164219,5400.983246694615
284.1127332142913,0.0002841127332142913,5335.210050279082
285.555900314842,0.000285555900314842,5270.583229423954
287.0063980663511,0.00028700639806635106,5206.565158784768
288.4642637052857,0.0002884642637052857,5141.987126004503
289.9295346572566,0.0002899295346572566,5078.297664892436
291.40224853798134,0.00029140224853798133,5015.735456570318
292.88244315424737,0.00029288244315424735,4954.2582701119845
294.37015650488524,0.00029437015650488524,4894.1269326756765
295.8654267817415,0.0002958654267817415,4834.488470848623
297.3682923706616,0.0002973682923706616,4775.024204414121
298.87879185247294,0.00029887879185247295,4716.190698021588
300.39696400397764,0.00030039696400397764,4658.082699035947
301.9228477989457,0.0003019228477989457,4600.039945052361
303.4564824091177,0.0003034564824091177,4543.555592402511
304.9979072052084,0.00030499790720520836,4487.829247073874
306.54716175791924,0.00030654716175791924,4432.451641996913
308.1042858389524,0.0003081042858389524,4377.23180461443
309.66931942203394,0.0003096693194220339,4322.691316272769
311.2423026839376,0.00031124230268393763,4268.838494436333
312.8232760055178,0.0003128232760055178,4216.355371712199
314.4122799727463,0.0003144122799727463,4164.405788579863
316.0093553777528,0.0003160093553777528,4113.054662511183
317.61454321987395,0.00031761454321987395,4061.3471698597355
319.22788470670395,0.00031922788470670394,4011.799799684947
320.8494212551543,0.0003208494212551543,3962.652641874047
322.4791944925151,0.00032247919449251506,3913.9053964147283
324.1172462575258,0.0003241172462575258,3865.734224547663
325.7636186014469,0.0003257636186014469,3817.0211598004676
327.41835378914215,0.00032741835378914214,3768.98324137982
329.08149430016056,0.00032908149430016054,3722.6657530980237
330.75308282983,0.00033075308282983,3677.282766505627
332.4331622903504,0.0003324331622903504,3632.4118868234673
334.12177581189786,0.00033412177581189785,3587.624499304493
335.81896674372956,0.00033581896674372955,3543.002831934327
337.5247786552989,0.0003375247786552989,3498.563526390628
339.2392553373718,0.00033923925533737177,3454.797993272593
340.96244080315284,0.0003409624408031528,3411.7864249546997
342.6943792894133,0.0003426943792894133,3369.352418979639
344.43511525762875,0.0003444351152576287,3327.271419605022
346.18469339511825,0.0003461846933951182,3285.9550179579455
347.9431586161938,0.0003479431586161938,3245.3638958690963
349.71055606331123,0.0003497105560633112,3205.2079917372757
351.4869311082311,0.0003514869311082311,3164.931868114516
353.2723293531814,0.0003532723293531814,3125.1306149013467
355.06679663203045,0.00035506679663203043,3085.837415650275
356.8703790114614,0.0003568703790114614,3046.5583300605367
358.6831227921558,0.0003586831227921558,3009.0121318480997
360.5050745099832,0.0003605050745099832,2971.929022069444
362.33628093719346,0.0003623362809371934,2934.8336990691437
364.1767890836201,0.00036417678908362013,2898.082010566092
366.02664619788453,0.0003660266461978845,2861.855738814731
367.8858997686116,0.00036788589976861154,2826.488553092408
369.7545975256459,0.0003697545975256459,2791.3550231682707
371.6327874412802,0.00037163278744128015,2756.573917335228
373.5205177314836,0.00037352051773148357,2722.542645170036
375.4178368571426,0.0003754178368571426,2689.0349438884
377.3247935253022,0.00037732479352530217,2655.710832015825
379.2414366904189,0.00037924143669041885,2622.738325042455
381.1678155556149,0.00038116781555561487,2589.47703846497
383.10397957394395,0.0003831039795739439,2556.848278639448
385.049978449658,0.000385049978449658,2525.633489158823
387.005862139486,0.000387005862139486,2494.4996889642107
388.9716808539137,0.00038897168085391367,2463.4464751831774
390.94748505847525,0.00039094748505847526,2432.754527579493
392.93332547504593,0.00039293332547504594,2402.311153557755
394.9292530831474,0.00039492925308314735,2372.0887251006584
396.935319121253,0.000396935319121253,2342.3714851009963
398.9515750881065,0.00039895157508810646,2312.9523603135654
400.97807274404107,0.00040097807274404106,2283.578585844203
403.0148641123109,0.0004030148641123109,2255.3702085824207
405.0620014804238,0.0004050620014804238,2227.454158375301
407.1195374014867,0.0004071195374014867,2199.635573938427
409.1875246955517,0.0004091875246955517,2171.944791794358
411.26601645097355,0.00041126601645097353,2144.4952464996763
413.35506602577357,0.00041335506602577357,2117.1362805049457
415.4547270490066,0.00041545472704900655,2090.4738306338513
417.56505342214086,0.00041756505342214085,2064.481880786432
419.68609932043887,0.00041968609932043887,2038.6814661929961
421.8179191943509,0.0004218179191943509,2013.1303042564016
423.96056777091,0.00042396056777091,1987.4860091624323
426.1141000551399,0.00042611410005513985,1962.5271512024103
428.27857133146387,0.00042827857133146384,1938.0080152658556
430.45403716512726,0.00043045403716512724,1913.4903353926882
432.64055340362074,0.0004326405534036207,1889.2349160093725
434.8381761781171,0.0004348381761781171,1865.9080836121827
437.04696190490915,0.00043704696190490915,1842.6696517079151
439.2669672868611,0.0004392669672868611,1819.7222842416923
441.49824931486086,0.0004414982493148608,1796.830702488392
443.7408652692868,0.0004437408652692868,1774.024587582739
445.99487272147445,0.0004459948727214744,1751.7497782717965
448.2603295351979,0.00044826032953519787,1729.980453948779
450.5372938681522,0.00045053729386815213,1708.4621043694865
452.82582417344906,0.00045282582417344907,1687.0433230982721
455.12597920111494,0.0004551259792011149,1665.6828298781127
457.43781799960186,0.00045743781799960186,1644.3313763575763
459.76139991730025,0.0004597613999173002,1623.7823941422105
462.0967846040658,0.0004620967846040658,1603.3592080566061
464.4440320127475,0.0004644440320127475,1583.1949596049135
466.80320240072996,0.0004668032024007299,1562.9872496420135
469.17435633147727,0.00046917435633147723,1542.8789571829998
471.5575546760893,0.0004715575546760893,1523.0238142096484
473.9528586148655,0.00047395285861486544,1503.811285080495
476.3603296388723,0.0004763603296388723,1484.9415223018364
478.78002955152556,0.00047878002955152555,1466.0463660314742
481.21202047017323,0.0004812120204701732,1447.22034181204
483.65636482769366,0.00048365636482769367,1428.7038968402726
486.1131253740951,0.00048611312537409504,1410.6757174110896
488.5823651781296,0.0004885823651781296,1392.621192848853
491.0641476289089,0.0004910641476289089,1374.7978470415499
493.5585364375354,0.0004935585364375354,1357.4999831257212
496.0655956387336,0.0004960655956387336,1340.4855285091871
498.58538959249813,0.0004985853895924981,1323.684445670865
501.1179829857421,0.0005011179829857421,1306.815029023022
503.6634408339614,0.0005036634408339614,1289.9042652700475
506.22182848289987,0.0005062218284828999,1273.4772158912886
508.79321161023086,0.0005087932116102309,1257.6201068989424
511.37765622723947,0.0005113776562272395,1241.95527918282
513.9752286805206,0.0005139752286805205,1226.0234433575674
516.5859956536789,0.0005165859956536788,1210.2375763052064
519.2100241690439,0.0005192100241690439,1194.6413009389828
521.8473815893873,0.0005218473815893872,1179.5099314200831
524.4981356196556,0.0005244981356196556,1164.4787007236137
527.1623543087046,0.0005271623543087046,1149.5839139363657
529.8401060510503,0.0005298401060510503,1134.6563404076578
532.5314595886205,0.0005325314595886205,1119.7042792379145
535.2364840125236,0.0005352364840125237,1105.1081520862324
537.9552487648189,0.0005379552487648189,1091.1816960728722
540.6878236403006,0.0005406878236403006,17091.938650808086
543.4342787882911,0.000543434278788291,17040.293803632347
546.1946847144382,0.0005461946847144381,16935.18837346208
548.9691122825296,0.0005489691122825296,16818.85499718481
551.7576327163074,0.0005517576327163073,16702.159395215782
554.560317601301,0.000554560317601301,16585.157593487493
557.3772388866604,0.0005573772388866604,16467.168591397287
560.2084688870078,0.0005602084688870078,16352.120891677368
563.0540802842895,0.0005630540802842895,16239.931227871899
565.9141461296462,0.0005659141461296461,16127.596536309351
568.7887398452835,0.0005687887398452835,16015.413834201696
571.6779352263624,0.0005716779352263623,15902.159820496276
574.5818064428875,0.0005745818064428874,15786.008896910931
577.5004280416172,0.0005775004280416171,15655.4748091954
580.4338749479718,0.0005804338749479718,15525.573452290584
583.3822224679623,0.0005833822224679623,15395.798887786237
586.3455462901182,0.0005863455462901182,15257.586428087661
589.3239224874359,0.0005893239224874358,15109.920035012723
592.3174275193265,0.0005923174275193266,14961.69117131773
595.3261382335836,0.0005953261382335836,14812.064009767904
598.3501318683512,0.0005983501318683512,14657.43802086155
601.3894860541112,0.0006013894860541112,14495.0782134531
604.4442788156719,0.0006044442788156718,14331.568763001842
607.514588574175,0.000607514588574175,14169.122751055911
610.6004941491053,0.0006106004941491053,14003.53144589615
613.7020747603176,0.0006137020747603176,13831.426997678838
616.8194100300669,0.0006168194100300669,13659.580383121725
619.9525799850541,0.000619952579985054,13487.134498523597
623.101665058482,0.000623101665058482,13321.461299930255
626.2667460921165,0.0006262667460921165,13156.550282136093
629.4479043383657,0.0006294479043383657,12990.498066772832
632.6452214623623,0.0006326452214623623,12827.180209410237
635.8587795440637,0.0006358587795440637,12665.509137298337
639.0886610803552,0.0006390886610803552,12501.445172493164
642.3349489871717,0.0006423349489871717,12340.495930639205
645.5977266016225,0.0006455977266016225,12186.22111183348
648.8770776841346,0.0006488770776841346,12032.920716564393
652.1730864205989,0.0006521730864205989,11880.875491860766
655.4858374245355,0.0006554858374245355,11726.490872825127
658.8154157392614,0.0006588154157392614,11571.336253143903
662.1619068400788,0.0006621619068400788,11427.367545771931
665.5253966364638,0.0006655253966364638,11283.431059862181
668.9059714742774,0.0006689059714742773,11140.71670302189
672.3037181379768,0.0006723037181379768,10995.931498834758
675.7187238528486,0.0006757187238528486,10850.800744728596
679.1510762872423,0.0006791510762872423,10720.29606083604
682.6008635548269,0.0006826008635548268,10590.183497287822
686.0681742168472,0.0006860681742168472,10460.77392889507
689.5530972844024,0.0006895530972844024,10334.852310543716
693.0557222207261,0.0006930557222207261,10213.80923198727
696.5761389434886,0.0006965761389434885,10092.63790613299
700.1144378270992,0.0007001144378270992,9970.528450658081
703.670709705032,0.0007036707097050319,9846.908898544165
707.2450458721529,0.0007072450458721529,9724.822081668744
710.8375380870658,0.0007108375380870658,9604.30699344799
714.4482785744692,0.0007144482785744692,9490.704453010867
718.0773600275201,0.0007180773600275201,9376.81657579931
721.7248756102179,0.0007217248756102178,9262.753959654796
725.3909189597917,0.0007253909189597917,9148.182760145926
729.075584189109,0.000729075584189109,9037.082246602973
732.7789658890862,0.0007327789658890862,8928.743811591248
736.5011591311223,0.0007365011591311223,8819.766080517838
740.2422594695348,0.0007402422594695347,8711.407177667978
744.0023629440171,0.0007440023629440171,8609.312541437806
747.7815660820994,0.0007477815660820994,8506.349611741607
751.5799659016316,0.0007515799659016315,8403.73483770782
755.3976599132686,0.0007553976599132686,8299.760260469924
759.2347461229795,0.0007592347461229794,8196.35980218063
763.0913230345569,0.0007630913230345569,8099.083900490671
766.9674896521528,0.0007669674896521528,8003.208846038094
770.8633454828131,0.000770863345482813,7906.229348327722
774.7789905390385,0.0007747789905390385,7808.919250111191
778.7145253413462,0.0007787145253413462,7711.900297125315
782.6700509208559,0.0007826700509208559,7616.028316160818
786.6456688218782,0.0007866456688218782,7520.805931251736
790.6414811045264,0.0007906414811045264,7425.720103050715
794.6575903473314,0.0007946575903473314,7330.107635078305
798.6940996498805,0.0007986940996498804,7240.056027458572
802.7511126354585,0.0008027511126354585,7151.122666690219
806.8287334537137,0.0008068287334537137,7061.315268165774
810.9270667833259,0.0008109270667833259,6971.238988587222
815.0462178346969,0.0008150462178346968,6880.940788684642
819.1862923526528,0.0008191862923526528,6792.712974540096
823.3473966191538,0.0008233473966191537,6709.655917830751
827.5296374560281,0.0008275296374560281,6626.328057508333
831.7331222277091,0.0008317331222277092,6542.203182968161
835.9579588439968,0.0008359579588439968,6458.673529961154
840.2042557628224,0.0008402042557628224,6374.280552946872
844.4721219930382,0.0008444721219930382,6292.874437758356
848.7616670972103,0.0008487616670972102,6213.341546550871
853.0730011944377,0.0008530730011944377,6133.787744452858
857.4062349631722,0.0008574062349631722,6053.3625596462225
861.7614796440664,0.0008617614796440664,5972.875818856273
866.1388470428234,0.0008661388470428234,5897.337053206631
870.5384495330726,0.0008705384495330726,5821.976094391017
874.9604000592487,0.0008749604000592487,5746.259066615034
879.4048121394977,0.0008794048121394977,5670.536484446428
883.8717998685842,0.0008838717998685841,5597.48311798931
888.3614779208267,0.0008883614779208267,5525.780725937411
892.8739615530359,0.0008928739615530358,5453.826514660255
897.4093666074788,0.0008974093666074787,5382.133235449345
901.9678095148471,0.000901967809514847,5313.3084635149135
906.549407297252,0.0009065494072972519,5244.331765116226
911.154277571222,0.0009111542775712219,5176.250524066658
915.782538550729,0.0009157825385507289,5110.890925107794
920.4343090502164,0.0009204343090502163,5046.580093461833
925.1097084876553,0.0009251097084876553,4982.070147746764
929.8088568876055,0.0009298088568876055,4917.107964248363
934.531874884298,0.0009345318748842979,4852.233815583922
939.278883724735,0.000939278883724735,4787.416515957663
944.0500052717965,0.0009440500052717964,4726.9623448431175
948.8453620073757,0.0009488453620073756,4666.297920996959
953.6650770355159,0.0009536650770355158,4605.606677110011
958.509274085578,0.000958509274085578,4544.695178978745
963.3780775154103,0.0009633780775154102,4485.792289131995
968.271612314547,0.000968271612314547,4428.03055736538
973.1900041074108,0.0009731900041074108,4370.76265992265
978.1333791565442,0.000978133379156544,4315.048567224725
983.1018643658439,0.0009831018643658438,4260.167360495807
988.0955872838263,0.0009880955872838262,4205.546264324833
993.114676106894,0.000993114676106894,4150.289436378494
998.1592596826342,0.000998159259682634,4095.3459583874874
1003.2294675131197,0.0010032294675131196,4043.3258237388804
1008.3254297582398,0.0010083254297582399,3992.166871071561
1013.447277239035,0.001013447277239035,3940.4325218142085
1018.5951414410625,0.0010185951414410626,3888.8906343184995
1023.7691545177643,0.0010237691545177641,3837.1975876089737
1028.9694492938672,0.001028969449293867,3787.8772522264603
1034.1961592687853,0.0010341961592687853,3738.449613006229
1039.4494186200543,0.0010394494186200542,3688.483614809743
1044.7293622067689,0.0010447293622067688,3638.796025492755
1050.0361255730518,0.0010500361255730518,3589.1006523385267
1055.3698449515264,0.0010553698449515263,3542.3551587008756
1060.7306572668215,0.0010607306572668214,3495.788903120593
1066.1187001390792,0.001066118700139079,3449.003556584995
1071.534111887492,0.001071534111887492,3402.311979275555
1076.9770315338544,0.0010769770315338543,3357.718047076955
1082.4475988061274,0.0010824475988061273,3312.956585067794
1087.9459541420313,0.0010879459541420313,3268.8715066242557
1093.4722386926449,0.0010934722386926447,3226.36568832651
1099.0265943260351,0.0010990265943260351,3183.995600381038
1104.6091636308927,0.0011046091636308926,3141.346712558803
1110.2200899201996,0.0011102200899201996,3098.537364942136
1115.8595172349003,0.0011158595172349002,3058.4049486045856
1121.5275903476079,0.0011215275903476078,3018.1851402893612
1127.224454766312,0.0011272244547663119,2977.9658352740516
1132.9502567381226,0.0011329502567381225,2937.531860081906
1138.7051432530166,0.0011387051432530165,2898.5863252335325
1144.489262047619,0.001144489262047619,2859.8251183365837
1150.3027616089869,0.0011503027616089868,2821.3712797663266
1156.145791178431,0.0011561457911784308,2782.875728395438
1162.018500755337,0.001162018500755337,2744.3078079382603
1167.921041101026,0.001167921041101026,2707.9385785999025
1173.8535637426153,0.0011738535637426152,2671.730956007282
1179.8162209769173,0.0011798162209769173,2635.397481239591
1185.8091658743406,0.0011858091658743404,2599.0282926788827
1191.8325522828284,0.0011918325522828283,2564.5154741398237
1197.8865348317988,0.0011978865348317989,2529.967360932112
1203.9712689361236,0.0012039712689361234,2495.264217171875
1210.0869108001086,0.0012100869108001085,2461.589360164751
1216.2336174215136,0.0012162336174215136,2428.734055955028
1222.4115465955733,0.0012224115465955733,2395.4337480286727
1228.6208569190537,0.0012286208569190537,2363.601932916802
1234.8617077943243,0.0012348617077943243,2332.4889180279183
1241.1342594334446,0.0012411342594334446,2300.9999483022025
1247.4386728622849,0.0012474386728622848,2269.4911386463605
1253.775109924651,0.001253775109924651,2238.413964152071
1260.143733286448,0.0012601437332864479,2207.54798245059
1266.544706439848,0.001266544706439848,2178.1413472633603
1272.9781937074952,0.001272978193707495,2149.1217692059126
1279.4443602467156,0.0012794443602467155,2119.612420458852
1285.9433720537666,0.0012859433720537666,2090.5878410216487
1292.4753959680875,0.0012924753959680875,2062.5911852087324
1299.040599676594,0.001299040599676594,2034.644378470441
1305.6391517179716,0.0013056391517179715,2007.0451934065482
1312.271221487013,0.001312271221487013,1980.6640778931658
1318.936979238957,0.001318936979238957,1953.7529677303476
1325.6365960938683,0.0013256365960938683,1926.9911366573965
1332.370244041021,0.001332370244041021,1900.59588021089
1339.1380959433232,0.001339138095943323,1875.1651274884807
1345.9403255417462,0.0013459403255417462,1850.3117672635829
1352.7771074597931,0.0013527771074597931,1825.4251772455398
1359.648617207972,0.0013596486172079718,1800.33759130435
1366.5550311883117,0.0013665550311883117,1775.4374764253982
1373.4965266988813,0.0013734965266988812,1751.400742922724
1380.4732819383494,0.0013804732819383493,1727.2166373206658
1387.485476010551,0.001387485476010551,1702.9526274364648
1394.5332889290944,0.0013945332889290943,1679.7986216082797
1401.616901621973,0.0014016169016219729,1656.5203594202292
1408.736495936215,0.0014087364959362151,1633.4382765808584
1415.892254642555,0.0014158922546425548,1611.5968324626194
1423.0843614401165,0.0014230843614401164,1589.773302254454
1430.3130009611389,0.0014303130009611388,1567.7274382118205
1437.5783587757066,0.0014375783587757065,1545.9873339295418
1444.880621396523,0.001444880621396523,1524.1691703911101
1452.219976283689,0.001452219976283689,1503.1010875308448
1459.5966118495237,0.0014595966118495236,1482.7355597484989
1467.010717463394,0.001467010717463394,1462.2235455278483
1474.4624834565836,0.0014744624834565835,1441.6357092510432
1481.9521011271702,0.0014819521011271701,1421.8850273181238
1489.4797627449461,0.0014894797627449461,1402.3201161875368
1497.0456615563446,0.0014970456615563444,1382.737904288392
1504.6499917894098,0.0015046499917894098,1364.1026492003339
1512.2929486587739,0.0015122929486587739,1345.4009959145515
1519.9747283706777,0.0015199747283706777,1326.6281936386204
1527.6955281279984,0.0015276955281279983,1308.1173341712583
1535.4555461353216,0.0015354555461353215,1290.0565583137525
1543.2549816040191,0.001543254981604019,1272.6069931691557
1551.0940347573744,0.0015510940347573743,1255.2830690973485
1558.9729068357105,0.0015589729068357105,1237.7540809811885
1566.8918001015684,0.0015668918001015683,1220.1753109637302
1574.8509178448878,0.0015748509178448878,1203.582078451253
1582.8504643882366,0.0015828504643882364,1186.9497499996498
1590.8906450920458,0.0015908906450920457,1170.154321483993
1598.9716663598922,0.0015989716663598922,1153.4237397385702
1607.0937356437873,0.0016070937356437872,1137.4063006370138
1615.257061449507,0.001615257061449507,1121.6271675897372
1623.4618533419489,0.0016234618533419488,1105.959566814318
1631.7083219505014,0.0016317083219505014,1090.141959143113
1639.9966789744633,0.0016399966789744631,1074.9633455767316
1648.3271371884666,0.0016483271371884665,1059.9960813063979
1656.6999104479496,0.0016566999104479494,1045.1136864714845
1665.1152136946364,0.0016651152136946364,1030.475972528442
1673.5732629620659,0.0016735732629620658,1016.1222344537462
1682.0742753811255,0.0016820742753811254,1001.7960441933072
1690.6184691856379,0.001690618469185638,988.1854334090992
1699.206063717951,0.001699206063717951,974.6295505935232
1707.8372794345814,0.0017078372794345814,960.7938348196121
1716.5123379118602,0.00171651233791186,947.1545295220975
1725.2314618516355,0.0017252314618516353,933.6337508254395
1733.9948750869758,0.0017339948750869757,920.7881945950587
1742.8028025879285,0.0017428028025879283,907.9311657060207
1751.6554704672835,0.0017516554704672834,895.2050445067586
1760.5531059863904,0.0017605531059863902,882.4439205498941
1769.495937560979,0.001769495937560979,870.1677994429605
1778.4841947670366,0.0017784841947670366,858.0624804532425
1787.5181083466887,0.0017875181083466887,846.0406122399959
1796.5979102141355,0.0017965979102141354,834.4517864428784
1805.7238334615918,0.0018057238334615916,822.8117597068791
1814.8961123652848,0.0018148961123652847,811.148399396701
1824.1149823914548,0.0018241149823914546,799.5901843773146
1833.3806802024126,0.0018333806802024125,788.686117335836
1842.6934436626045,0.0018426934436626043,777.7467370312179
1852.053511844723,0.001852053511844723,766.7123450244229
1861.4611250358491,0.001861461125035849,755.7269790895725
1870.9165247436092,0.001870916524743609,745.3053549354015
1880.4199537023883,0.0018804199537023883,734.7892003607903
1889.9716558795483,0.0018899716558795482,724.378935206833
1899.571876481704,0.001899571876481704,713.8451500304693
1909.220861961005,0.001909220861961005,703.5450068751416
1918.9188600214754,0.0019189188600214754,693.7056289887668
1928.6661196253592,0.0019286661196253592,683.941149319589
1938.462890999526,0.001938462890999526,674.0031199675622
1948.30942564188,0.0019483094256418799,664.394234330959
1958.2059763278303,0.0019582059763278304,655.0468087707712
1968.152797116767,0.001968152797116767,645.6496886171057
1978.150143358596,0.001978150143358596,636.3561447944497
1988.1982717002816,0.0019881982717002817,627.4260145323093
1998.297440092447,0.001998297440092447,618.513118234603
2008.447907795985,0.002008447907795985,609.5709494013635
2018.649935388725,0.0020186499353887248,601.1719493155585
2028.9037847721102,0.00202890378477211,592.8026197363432
2039.2097191779342,0.002039209719177934,584.4124316993918
2049.5680031750844,0.002049568003175084,575.928683842418
2059.978902676349,0.002059978902676349,567.4899626247274
2070.4426849452284,0.002070442684945228,559.4188138758626
2080.9596186028093,0.002080959618602809,551.6188257682503
2091.5299736346497,0.0020915299736346494,543.7445024620337
2102.15402139772,0.00210215402139772,535.8606427255248
2112.8320346273604,0.0021128320346273603,528.2497367100495
2123.5642874442847,0.0021235642874442846,520.7117557978506
2134.3510553616256,0.0021343510553616255,513.2502141320464
2145.1926152919923,0.002145192615291992,506.0632939688918
2156.089245554595,0.002156089245554595,498.99633194286383
2167.041225882376,0.0021670412258823755,491.91206076000265
2178.0488374292036,0.0021780488374292034,484.8126035377627
2189.112362777077,0.002189112362777077,477.74845631151106
2200.232085943394,0.0022002320859433938,471.1205245635272
2211.408292388228,0.002211408292388228,464.4741265553782
2222.6412690216703,0.00222264126902167,457.87942473100696
2233.931304211182,0.002233931304211182,451.2001931292794
2245.2786877890107,0.0022452786877890105,444.7745304782524
2256.6837110596157,0.0022566837110596155,438.441774689752
2268.1466668071616,0.0022681466668071615,432.1552182507316
2279.667849303021,0.0022796678493030207,425.79638207898006
2291.247554313341,0.002291247554313341,419.5900705834199
2302.8860791066227,0.0023028860791066224,413.6529867021823
2314.5837224613683,0.0023145837224613683,407.6738861250966
2326.3407846737346,0.0023263407846737345,401.68108927057017
2338.157567565257,0.002338157567565257,395.8867270294453
2350.0343744905845,0.0023500343744905844,390.2441254392808
2361.9715103452804,0.0023619715103452804,384.5504337890802
2373.9692815736353,0.002373969281573635,378.9600738015817
2386.027996176549,0.002386027996176549,373.48936204522107
2398.1479637194225,0.002398147963719422,368.0680677237211
2410.329495340119,0.002410329495340119,362.8355984489416
2422.57290375694,0.00242257290375694,357.7074969734428
2434.8785032766555,0.0024348785032766553,352.5834229940944
2447.246609802584,0.0024472466098025836,347.49703149990216
2459.6775408426815,0.0024596775408426814,342.35095669837995
2472.1716155177164,0.0024721716155177162,337.3475955284527
2484.7291545694375,0.0024847291545694373,332.5549176014068
2497.350480368831,0.002497350480368831,327.7707856775845
2510.0359169243748,0.002510035916924375,322.93759551577324
2522.7857898903767,0.0025227857898903767,318.3068623946514
2535.600426575315,0.002535600426575315,313.7066066979992
2548.480155950259,0.002548480155950259,309.12844617860395
2561.425308657297,0.002561425308657297,304.7750981129767
2574.4362170180425,0.0025744362170180423,300.4243936100784
2587.513215042146,0.0025875132150421456,296.0517816613031
2600.656638435889,0.0026006566384358886,291.69763917277317
2613.8668246107827,0.0026138668246107827,287.53073826577867
2627.1441126922496,0.0026271441126922493,283.42924921718935
2640.48884352831,0.00264048884352831,279.36860434289986
2653.901359698351,0.0026539013596983507,275.2313666700761
2667.382005521901,0.002667382005521901,271.2482983463558
2680.9311270674907,0.0026809311270674908,267.34589103035535
2694.5490721615147,0.0026945490721615147,263.4725606494575
2708.236190397183,0.0027082361903971825,259.5623651911441
2721.9928331434735,0.0027219928331434734,255.70098344106262
2735.819353554174,0.002735819353554174,252.0269430766953
2749.7161065769305,0.0027497161065769306,248.35548874485985
2763.6834489623643,0.002763683448962364,244.67513316858435
2777.721739273241,0.0027777217392732406,241.08851988020731
2791.8313378936564,0.0027918313378936565,237.59136906308203
2806.012607038308,0.0028060126070383077,234.11165273260042
2820.265910761774,0.002820265910761774,230.64424466375183
2834.591614967879,0.002834591614967879,227.30996001239302
2848.990087419067,0.002848990087419067,223.97393143702703
2863.461697745863,0.002863461697745863,220.70596153966753
2878.0068174563417,0.0028780068174563416,217.5705998427163
2892.625819945684,0.0028926258199456836,214.44356540498293
2907.3190805057434,0.0029073190805057434,211.28815497405955
2922.086976334701,0.002922086976334701,208.10600193286174
2936.929886546727,0.002936929886546727,205.03750880511842
2951.848192181735,0.002951848192181735,202.08887858523852
2966.8422762151417,0.0029668422762151414,199.13298322864992
2981.912523567718,0.0029819125235677176,196.17325514550035
2997.059321115464,0.002997059321115464,193.30147147180426
3012.2830576995243,0.003012283057699524,190.49884692888452
3027.5841241362,0.0030275841241362,187.6748130234192
3042.9629132269606,0.0030429629132269604,184.9903936529551
3058.419819768539,0.003058419819768539,182.3281767845452
3073.9552405630457,0.0030739552405630454,179.65837101987157
3089.5695744281848,0.0030895695744281846,176.9749028991466
3105.263222207474,0.003105263222207474,174.3923587071074
3121.0365867805444,0.0031210365867805445,171.8993078463386
3136.8900730734613,0.003136890073073461,169.38584496454638
3152.8240880691505,0.0031528240880691503,166.87527609205574
3168.839040817833,0.0031688390408178327,164.40164548173823
3184.935342447506,0.003184935342447506,162.02210136981063
3201.1134061745324,0.003201113406174532,159.6624331064882
3217.3736473142267,0.0032173736473142265,157.27740004599954
3233.7164832915264,0.0032337164832915264,154.87822024932635
3250.142333651686,0.003250142333651686,152.61017368087818
3266.651620071082,0.003266651620071082,150.39209351694905
3283.2447663680155,0.0032832447663680153,148.15208098286618
3299.9221985136014,0.0032999221985136012,145.90944977025524
3316.6843446426838,0.0033166843446426836,143.77868242035072
3333.531635064858,0.003333531635064858,141.67099312130267
3350.4645022754985,0.003350464502275498,139.55450611179268
3367.483380966869,0.003367483380966869,137.47603936410556
3384.588708039261,0.0033845887080392605,135.46508283440926
3401.7809226122436,0.003401780922612243,133.4438122390513
3419.060466035914,0.003419060466035914,131.4572369004873
3436.427781902238,0.003436427781902238,129.53493364805897
3453.8833160564154,0.0034538833160564155,127.60286872947407
3471.42751660836,0.00347142751660836,125.7319754537895
3489.0608339441796,0.0034890608339441793,123.90731681244728
3506.7837207377506,0.0035067837207377506,122.10654715162936
3524.5966319623153,0.003524596631962315,120.26893938661323
3542.5000249021955,0.0035425000249021954,118.43536954918763
3560.4943591645106,0.0035604943591645106,116.72314776624948
3578.5800966909865,0.0035785800966909864,114.99574653403612
3596.7577017697904,0.00359675770176979,113.27869977714948
3615.0276410474867,0.0036150276410474866,111.59974400564542
3633.3903835409988,0.0036333903835409987,109.95414684507634
3651.8464006496292,0.003651846400649629,108.31337144553815
3670.396166167199,0.003670396166167199,106.75108943913843
3689.040156294187,0.003689040156294187,105.17629982331285
3707.778849649967,0.003707778849649967,103.61407438979055
3726.612727285066,0.0037266127272850657,102.05098962636201
3745.5422726935562,0.0037455422726935562,100.57797980970933
3764.5679718254396,0.0037645679718254395,99.10834768726083
3783.690313099136,0.0037836903130991357,97.63334212551831
3802.909787413993,0.0038029097874139927,96.15412642036289
3822.2268881629325,0.0038222268881629323,94.76138767470242
3841.6421112450867,0.0038416421112450866,93.3742751226566
3861.155955078542,0.0038611559550785417,91.96534190077871
3880.7689206131095,0.0038807689206131093,90.56848935436577
3900.4815113432237,0.0039004815113432233,89.18590391881548
3920.2942333208407,0.0039202942333208405,87.88480766144225
3940.2075951684456,0.003940207595168445,86.57864238574042
3960.222108092078,0.003960222108092078,85.27332723570858
3980.3382858945006,0.003980338285894501,83.96040729629067
4000.556644988359,0.0040005566449883585,82.73132580283549
4020.877704409455,0.004020877704409455,81.5059112234269
4041.3019858300404,0.004041301985830041,80.27434616299345
4061.830013572254,0.004061830013572253,79.06073429956076
4082.4623146215504,0.00408246231462155,77.89037225909863
4103.199418640246,0.004103199418640246,76.73265420667336
4124.041857981087,0.0041240418579810865,75.56361125793917
4144.990167700954,0.004144990167700953,74.44597413510928
4166.044885574585,0.004166044885574585,73.33427157444464
4187.2065521083505,0.00418720655210835,72.23421324427106
4208.4757105541785,0.004208475710554179,71.19145551972304
4229.852906923467,0.004229852906923467,70.1405209733796
4251.338690001122,0.004251338690001122,69.09100628230298
4272.933611359606,0.004272933611359607,68.03075991177418
4294.638225373154,0.004294638225373153,66.99716473550404
4316.453089231966,0.004316453089231966,66.01436526172863
4338.378762956531,0.004338378762956531,65.03476058507884
4360.415809411971,0.004360415809411971,64.046202099411
4382.564794322539,0.0043825647943225386,63.08962952486004
4404.826286286105,0.004404826286286105,62.1520821204911
4427.200856788777,0.004427200856788777,61.2153809332059
4449.689080219534,0.004449689080219534,60.31523895942897
4472.291533885023,0.004472291533885023,59.43225392555282
4495.0087980243425,0.004495008798024342,58.54173339555541
4517.841455823958,0.004517841455823958,57.65006039264225
4540.790093432644,0.004540790093432644,56.788541472427184
4563.855299976572,0.004563855299976572,55.95803377989485
4587.037667574405,0.004587037667574404,55.12444137423873
4610.337791352518,0.004610337791352518,54.28665274399159
4633.756269460241,0.004633756269460241,53.470879509310045
4657.293703085261,0.004657293703085261,52.686442130064734
4680.950696469024,0.004680950696469024,51.902371625925426
4704.727856922264,0.004704727856922265,51.10409162293694
4728.625794840564,0.004728625794840563,50.318102620928016
4752.6451237200645,0.004752645123720064,49.56076360135301
4776.786460173202,0.0047767864601732015,48.829831688462406
4801.050423944502,0.004801050423944501,48.08962180952428
4825.437637926546,0.004825437637926546,47.35512157865323
4849.948728175925,0.004849948728175925,46.63318022644693
4874.58432392933,0.00487458432392933,45.94472733194854
4899.34505761967,0.00489934505761967,45.248218560669756
4924.231564892359,0.004924231564892358,44.555319871204894
4949.2444846216,0.0049492444846216,43.89127441777497
4974.3844589268065,0.004974384458926806,43.23520861552978
4999.652133189043,0.0049996521331890425,42.576449489230775
5025.048156067654,0.005025048156067654,41.93228079207725
5050.57317951688,0.005050573179516881,41.29857807243626
5076.2278588026065,0.005076227858802606,40.67446090682451
5102.012852519153,0.005102012852519153,40.07287955329835
5127.928822606236,0.005127928822606236,39.484280052174775
5153.9764343659235,0.005153976434365924,38.899040875224635
5180.156356479733,0.005180156356479733,38.302634981418905
5206.469261025761,0.00520646926102576,37.712578868762776
5232.9158234959905,0.0052329158234959905,37.146192712937705
5259.496722813597,0.005259496722813597,36.59528518549407
5286.212641350395,0.005286212641350395,36.04239217652643
5313.064264944317,0.005313064264944317,35.48719703196859
5340.052282917079,0.005340052282917078,34.95722181519594
5367.177388091835,0.0053671773880918355,34.43331275076949
5394.440276810986,0.005394440276810986,33.91093467959729
5421.841648954014,0.005421841648954014,33.41535582251637
5449.38220795551,0.00544938220795551,32.91543245741709
5477.0626608232005,0.0054770626608232,32.417623485112294
5504.88371815607,0.00550488371815607,31.91560322905926
5532.846094162662,0.005532846094162661,31.446020942934922
5560.950506679372,0.0055609505066793715,30.98309880459183
5589.1976771888985,0.0055891976771888984,30.514147892693224
5617.588330838723,0.0056175883308387225,30.043136729987808
5646.123196459785,0.0056461231964597845,29.590141609384286
5674.803006585153,0.0056748030065851525,29.14010811917118
5703.6284974688515,0.005703628497468851,28.697915913891247
5732.600409104717,0.005732600409104717,28.27463431643965
5761.719485245461,0.005761719485245461,27.851162420380664
5790.986473421717,0.005790986473421717,27.427477787648343
5820.402124961257,0.005820402124961256,26.99925640755401
5849.967195008231,0.005849967195008231,26.587449081936157
5879.682442542622,0.005879682442542622,26.194704192060218
5909.548630399684,0.0059095486303996836,25.799035176297334
5939.566525289549,0.005939566525289548,25.401269241668427
5969.7368978168615,0.0059697368978168614,25.011724605008393
6000.060522500636,0.006000060522500635,24.640529620634958
6030.538177794082,0.006030538177794082,24.26615586430007
6061.170646104626,0.006061170646104626,23.89448744150633
6091.958713813941,0.006091958713813941,23.531404738314855
6122.903171298205,0.006122903171298205,23.18038156173934
6154.0048129483475,0.006154004812948347,22.826232253936443
6185.264437190463,0.006185264437190462,22.4781470352346
6216.6828465062645,0.006216682846506264,22.142370097739125
6248.260847453751,0.006248260847453751,21.803541042325087
6279.999250687881,0.006279999250687881,21.479346034186822
6311.898870981344,0.006311898870981343,21.162983384441844
6343.960527245553,0.006343960527245553,20.845089759088246
6376.185042551616,0.006376185042551615,20.52688235417482
6408.573244151489,0.006408573244151489,20.208097288460234
6441.125963499169,0.006441125963499169,19.9032268644342
6473.844036272106,0.006473844036272105,19.605467768113737
6506.728302392609,0.006506728302392609,19.309083686248634
6539.779606049436,0.006539779606049435,19.010333150395482
6572.9987957194135,0.006572998795719413,18.7264669824662
6606.386724189289,0.006606386724189289,18.445327676096976
6639.944248577582,0.006639944248577581,18.164452160936612
6673.672230356603,0.006673672230356603,17.897237177000335
6707.571535374528,0.0067075715353745275,17.62907701084896
6741.643033877694,0.0067416430338776935,17.35886382434711
6775.887600532891,0.006775887600532891,17.0913766586719
6810.306114449845,0.006810306114449845,16.840941030103956
6844.899459203733,0.006844899459203733,16.58946102182373
6879.668522857939,0.006879668522857939,16.33693457370675
6914.614197986805,0.006914614197986805,16.085290346230842
6949.737381698569,0.006949737381698569,15.842138677336662
6985.0389756583445,0.006985038975658344,15.601828111267594
7020.519886111341,0.007020519886111341,15.362622653195535
7056.181023906084,0.007056181023906084,15.131626254193252
7092.0233045178165,0.007092023304517817,14.900508912715578
7128.047648071955,0.007128047648071955,14.677231388085222
7164.2549793677845,0.007164254979367784,14.460198265252723
7200.646227902159,0.007200646227902159,14.242038215849853
7237.22232789333,0.007237222327893329,14.022376676478025
7273.984218305002,0.007273984218305002,13.802603642765485
7310.932842870389,0.007310932842870389,13.598313653355397
7348.069150116463,0.007348069150116462,13.394270550549791
7385.394093388257,0.007385394093388256,13.190167525288683
7422.908630873411,0.007422908630873411,12.985369833257048
7460.613725626727,0.007460613725626726,12.79122198106653
7498.510345594907,0.007498510345594907,12.60023713696637
7536.599463641361,0.00753659946364136,12.407719206598966
7574.882057571248,0.007574882057571248,12.216740719051671
7613.359110156536,0.007613359110156536,12.035511702977002
7652.031609161255,0.0076520316091612545,11.853632660481729
7690.900547366796,0.007690900547366796,11.671232667811276
7729.96692259748,0.00772996692259748,11.497661584824074
7769.231737746126,0.007769231737746125,11.32280285410017
7808.696000799815,0.007808696000799815,11.151137744115768
7848.360724865716,0.007848360724865716,10.988377706058458
7888.226928197178,0.007888226928197177,10.824196259359487
7928.29563421981,0.00792829563421981,10.661580582974093
7968.567871557788,0.007968567871557787,10.4967642363078
8009.0446740602,0.0080090446740602,10.33545682005607
8049.727080827673,0.008049727080827672,10.18274736058811
8090.61613623899,0.00809061613623899,10.029187581026124
8131.712889977936,0.008131712889977936,9.876162509249768
8173.018397060178,0.008173018397060179,9.72754127772271
8214.53371786044,0.00821453371786044,9.582197093692363
8256.259918139682,0.00825625991813968,9.436098114632747
8298.198069072416,0.008298198069072416,9.297823152959298
8340.349247274287,0.008340349247274286,9.15807593230774
8382.71453482966,0.00838271453482966,9.019506362347038
8425.295019319427,0.008425295019319426,8.882383351658092
8468.09179384886,0.00846809179384886,8.751387012571753
8511.105957075772,0.00851110595707577,8.621719901455242
8554.338613238655,0.008554338613238654,8.491107491198708
8597.790872185062,0.008597790872185061,8.361201809176105
8641.46384940003,0.00864146384940003,8.235637884343578
8685.358666034817,0.008685358666034817,8.111073702005303
8729.476448935622,0.008729476448935621,7.987611317644756
8773.81833067253,0.008773818330672528,7.867961474402796
8818.385449568545,0.008818385449568544,7.749409348473001
8863.178949728886,0.008863178949728887,7.631480688960314
8908.199981070316,0.008908199981070316,7.51772426712213
8953.449699350673,0.008953449699350672,7.40344640143153
8998.929266198493,0.008998929266198493,7.293934813519379
9044.639849142914,0.009044639849142912,7.186842889917137
9090.582621643593,0.009090582621643592,7.078617821544079
9136.758763120859,0.009136758763120858,6.97050481924007
9183.169458985927,0.009183169458985927,6.862526251544072
9229.815900671425,0.009229815900671425,6.761859928962277
9276.699285661916,0.009276699285661915,6.661470582965069
9323.820817524671,0.009323820817524671,6.560785389112945
9371.1817059405,0.0093711817059405,6.459753652098063
9418.783166734913,0.009418783166734912,6.3647970006748595
9466.626421909268,0.009466626421909268,6.270459818578005
9514.712699672104,0.009514712699672103,6.175868791659035
9563.043234470764,0.009563043234470764,6.082484278084379
9611.619267023025,0.009611619267023024,5.992879848946944
9660.442044348978,0.009660442044348978,5.903184577227469
9709.51281980297,0.00970951281980297,5.813975731337957
9758.832853105889,0.009758832853105888,5.728593113991366
9808.40341037743,0.00980840341037743,5.642511433369901
9858.225764168634,0.009858225764168633,5.558941061357097
9908.301193494484,0.009908301193494484,5.478180676423846
9958.630983866851,0.00995863098386685,5.3976511858489955
10009.21642732742,0.01000921642732742,5.316445335851177
10060.058822480887,0.010060058822480887,5.2349008903548935
10111.159474528242,0.010111159474528241,5.157814555311124
10162.519695300365,0.010162519695300364,5.0820991570711005
10214.140803291648,0.010214140803291647,5.006327978859879
10266.02412369386,0.01026602412369386,4.930892106391634
10318.170988430109,0.010318170988430108,4.858820226747885
10370.58273618914,0.01037058273618914,4.786761626358872
10423.260712459622,0.010423260712459621,4.715872373684094
10476.206269564735,0.010476206269564733,4.648070025127086
10529.420766696801,0.010529420766696801,4.579704672274051
10582.905569952303,0.010582905569952302,4.510933140942493
10636.662052366864,0.010636662052366864,4.443551710381144
10690.691593950543,0.010690691593950544,4.379766540080667
10744.995581723184,0.010744995581723184,4.315129345068099
10799.575409750134,0.010799575409750134,4.250839135466666
10854.432479177975,0.010854432479177974,4.1875756064266945
10909.56819827044,0.010909568198270438,4.126506700181376
10964.983982444674,0.010964983982444674,4.064973150918792
11020.6812543075,0.0110206812543075,4.004583529333705
11076.661443691966,0.011076661443691965,3.9463339945355824
11132.925987693992,0.011132925987693991,3.8878034041799574
11189.476330709364,0.011189476330709363,3.8304394822097225
11246.313924470738,0.011246313924470737,3.7746454592237044
11303.440228084952,0.011303440228084952,3.718346916149089
11360.856708070403,0.011360856708070403,3.664220635975037
11418.564838394814,0.011418564838394813,3.6102234290691944
11476.566100512988,0.011476566100512987,3.557541641518074
11534.86198340489,0.01153486198340489,3.5066568543845995
11593.45398361378,0.011593453983613779,3.4554657885823863
11652.343605284756,0.011652343605284755,3.4046852870924
11711.532360203291,0.011711532360203291,3.3534827833036713
11771.021767834081,0.01177102176783408,3.3054501927187627
11830.813355359967,0.011830813355359966,3.2581896962788033
11890.908657721266,0.011890908657721265,3.2105425423934224
11951.309217655094,0.011951309217655094,3.1629392456321783
12012.01658573501,0.01201201658573501,3.117640743886212
12073.032320410735,0.012073032320410735,3.0726937336021725
12134.357988048298,0.012134357988048298,3.0277237732373026
12195.99516297014,0.01219599516297014,2.983832773135716
12257.9454274956,0.0122579454274956,2.9413609595441295
12320.210371981426,0.012320210371981425,2.89872481320713
12382.791594862743,0.012382791594862743,2.8564738478837337
12445.690702694019,0.012445690702694018,2.8159024381768867
12508.909310190245,0.012508909310190245,2.775072024252085
12572.449040268515,0.012572449040268515,2.7356115375417267
12636.3115240896,0.0126363115240896,2.6973828492238647
12700.498401099874,0.012700498401099873,2.6591178696763165
12765.011319073305,0.012765011319073304,2.620715685331071
12829.851934153889,0.012829851934153888,2.5822859825666518
12895.02191089808,0.012895021910898079,2.545878143905884
12960.522922317568,0.012960522922317568,2.509659276583653
13026.356649922134,0.013026356649922133,2.4739639468576593
13092.524783762952,0.013092524783762952,2.4383681542229922
13159.029022475886,0.013159029022475887,2.404176138442261
13225.871073325146,0.013225871073325146,2.3699108886922966
13293.052652247017,0.013293052652247016,2.336750422051936
13360.575483894052,0.013360575483894051,2.3042357486927516
13428.441301679251,0.01342844130167925,2.271716701663597
13496.651847820616,0.013496651847820616,2.239157711381005
13565.20887338577,0.01356520887338577,2.2077492294837584
13634.114138337058,0.013634114138337056,2.177329372541765
13703.369411576628,0.013703369411576629,2.1466666527001794
13772.976470991904,0.013772976470991903,2.116286944357421
13842.937103501108,0.013842937103501108,2.086726718386133
13913.253105099295,0.013913253105099294,2.0575174538233094
13983.926280904356,0.013983926280904354,2.0285563140482896
14054.95844520341,0.01405495844520341,2.0005040240822103
14126.351421499274,0.014126351421499274,1.9726403870800755
14198.107042557427,0.014198107042557426,1.9451640210819678
14270.227150452996,0.014270227150452995,1.918994352391968
14342.713596617947,0.014342713596617946,1.8925890684548496
14415.568241888788,0.014415568241888787,1.866041178171404
14488.792956554224,0.014488792956554223,1.8394651654421112
14562.389620403224,0.014562389620403224,1.8141875234925833
14636.360122773182,0.014636360122773182,1.7896234152140136
14710.706362598563,0.014710706362598563,1.7649530911498357
14785.430248459557,0.014785430248459557,1.7405192262908737
14860.533698631125,0.014860533698631124,1.7165982881111719
14936.018641132134,0.014936018641132132,1.6935197874682535
15011.887013775016,0.015011887013775016,1.6705713864668947
15088.140764215408,0.015088140764215408,1.6473999194481512
15164.7818500022,0.0151647818500022,1.6253511194872063
15241.812238627692,0.015241812238627691,1.6035339127483499
15319.233907578247,0.015319233907578247,1.5815522974395553
15397.048844384963,0.015397048844384961,1.5602745323577782
15475.259046674742,0.015475259046674742,1.53944159361399
15553.86652222147,0.015553866522221469,1.5185189006165676
15632.873288997713,0.015632873288997713,1.4983578849214283
15712.281375226423,0.01571228137522642,1.478258142924473
15792.092819433054,0.015792092819433053,1.4586386667383844
15872.309670497783,0.015872309670497783,1.4397677663588913
15952.933987708282,0.015952933987708282,1.4207768658402595
16033.96784081246,0.01603396784081246,1.4016921642955225
16115.41331007166,0.01611541331007166,1.3828280628015357
16197.272486313952,0.01619727248631395,1.3648633603787137
16279.547470987967,0.016279547470987966,1.3469137140553082
16362.240376216776,0.016362240376216777,1.329032881067835
16445.353324852003,0.016445353324852002,1.3120867840292116
16528.888450528517,0.016528888450528516,1.2952792929870243
16612.847897719075,0.016612847897719076,1.2785915786584932
16697.23382178944,0.016697233821789437,1.261607048956687
16782.048389053587,0.016782048389053585,1.244878612778831
16867.2937768295,0.016867293776829502,1.2292854137933604
16952.972173494953,0.01695297217349495,1.21364220919764
17039.085778543726,0.017039085778543725,1.1979597408990126
17125.63680264198,0.01712563680264198,1.1822638823888156
17212.627467685164,0.017212627467685163,1.1669890987871159
17300.060006854954,0.017300060006854953,1.1522676730648909
17387.936664676618,0.017387936664676616,1.1375197695022956
17476.259697076537,0.017476259697076536,1.1228536162695186
17565.031371440295,0.017565031371440294,1.108780658909573
17654.253966670753,0.017654253966670752,1.0948077553398305
17743.929773246637,0.017743929773246635,1.0807616190870535
17834.06109328118,0.01783406109328118,1.0673806839773154
17924.650240581443,0.01792465024058144,1.0539444346826545
18015.699540707563,0.01801569954070756,1.0406066591837115
18107.21133103253,0.01810721133103253,1.0277898883535772
18199.18796080206,0.01819918796080206,1.0148455691010625
18291.63179119509,0.018291631791195088,1.0022495901410806
18384.545195384282,0.01838454519538428,0.9898867879444164
18477.930558596985,0.018477930558596985,0.977608281572003
18571.790278176355,0.018571790278176355,0.9659921981299017
18666.126763643097,0.018666126763643095,0.9544839524540467
18760.942436757206,0.018760942436757206,0.9429319606477451
18856.23973158006,0.018856239731580057,0.931278563235461
18952.021094537075,0.018952021094537072,0.9198281200206767
19048.28898448041,0.019048288984480407,0.9090515216296843
19145.045872752133,0.01914504587275213,0.8982026761931283
19242.294243247532,0.01924229424324753,0.8873981817731158
19340.036592479097,0.019340036592479095,0.8765689840161887
19438.275429640453,0.019438275429640453,0.8662993024297378
19537.013276670863,0.019537013276670862,0.8561275407636305
19636.25266831982,0.01963625266831982,0.845955856593448
19735.996152212323,0.01973599615221232,0.835976889589002
19836.24628891415,0.019836246288914148,0.8263199125782166
19937.005651997657,0.019937005651997654,0.8167337624477701
20038.2768281077,0.0200382768281077,0.8071941948457372
20140.06241702826,0.02014006241702826,0.7979594680358473
20242.365031749032,0.020242365031749032,0.7887515953948407
20345.187298532583,0.02034518729853258,0.779701990922305
20448.53185698161,0.02044853185698161,0.7708233931052754
20552.40136010696,0.02055240136010696,0.762003850164576
20656.798474395542,0.02065679847439554,0.7535990771640309
20761.72587987889,0.02076172587987889,0.7451550462356165
20867.1862702018,0.0208671862702018,0.7367200652854377
20973.1823526917,0.0209731823526917,0.7282256276904184
21079.71684842801,0.021079716848428007,0.7201930326151426
21186.792492312066,0.021186792492312066,0.7121918611647956
21294.412033137192,0.021294412033137193,0.7041907625660347
21402.578233659468,0.021402578233659465,0.6965660970343234
21511.293870668556,0.021511293870668555,0.6891213880887419
21620.56173505887,0.021620561735058868,0.681750425146259
21730.38463190145,0.021730384631901446,0.6742502020935763
21840.76538051581,0.02184076538051581,0.6668189760106845
21951.70681454242,0.021951706814542418,0.6598390452712516
22063.211782015245,0.022063211782015243,0.652972579506644
22175.28314543515,0.02217528314543515,0.6460138747827178
22287.92378184318,0.022287923781843178,0.6391036469433706
22401.13658289452,0.02240113658289452,0.6321887405543857
22514.924454932574,0.022514924454932573,0.6256529356453333
22629.2903190638,0.0226292903190638,0.6190433397161963
22744.237111232545,0.022744237111232544,0.6124917329633507
22859.767782296494,0.022859767782296495,0.6061668201857117
22975.885298102272,0.02297588529810227,0.5999287347328681
23092.592639561804,0.023092592639561805,0.593684015441973
23209.892802728697,0.023209892802728695,0.5876758853750933
23327.788798875226,0.023327788798875225,0.5817468861022465
23446.28365456947,0.02344628365456947,0.5758718513257631
23565.380411753267,0.023565380411753267,0.5701405506471834
23685.082127820133,0.023685082127820133,0.5645143618610957
23805.391875693822,0.02380539187569382,0.5588700087739531
23926.312743907074,0.023926312743907073,0.5533602368651633
24047.84783668112,0.02404784783668112,0.5479562718534327
24170.00027400523,0.02417000027400523,0.5425689617070694
24292.773191716886,0.024292773191716886,0.5373539092642415
24416.169741582096,0.024416169741582096,0.5321405259785565
24540.19309137659,0.02454019309137659,0.5271091942137736
24664.846424966992,0.024664846424966993,0.5221714342465664
24790.13294239243,0.024790132942392427,0.5172534253099395
24916.055859946948,0.024916055859946946,0.5123692017859613
25042.618410261897,0.025042618410261896,0.5074695047967734
25169.823842389018,0.025169823842389017,0.5028865405785619
25297.675421883654,0.02529767542188365,0.49827018453669997
25426.176430888867,0.025426176430888865,0.49361973661896885
25555.33016821951,0.02555533016821951,0.48896402294951935
25685.139949446995,0.025685139949446992,0.4845752812013878
25815.60910698425,0.02581560910698425,0.4801894891400927
25946.74099017151,0.02594674099017151,0.4757773542977428
26078.53896536214,0.02607853896536214,0.4714695199628295
26211.006416009128,0.026211006416009125,0.467294083457464
26344.146742751785,0.026344146742751786,0.46309210750589475
26477.963363503295,0.026477963363503294,0.4589487763303457
26612.459713538286,0.026612459713538286,0.4549388523111149
26747.63924558111,0.02674763924558111,0.45094933463717285
26883.50542989429,0.02688350542989429,0.4470861137640023
27020.06175436789,0.02702006175436789,0.44329073672107483
27157.311724608866,0.027157311724608866,0.43951148856434125
27295.258864031162,0.027295258864031162,0.4358991224241444
27433.906713945955,0.027433906713945952,0.43227943902750937
27573.258833652868,0.027573258833652865,0.42862984556138095
27713.31880053114,0.02771331880053114,0.42499863228418416
27854.090210131566,0.027854090210131566,0.4215580237631354
27995.576676268607,0.027995576676268605,0.41809148890720693
28137.78183111344,0.02813778183111344,0.4146451653759393
28280.70932528708,0.02828070932528708,0.41136965735461006
28424.362827953926,0.028424362827953926,0.4081140310790864
28568.74602691626,0.028568746026916256,0.4048561512838481
28713.86262870872,0.02871386262870872,0.4015875264521094
28859.716358693557,0.028859716358693555,0.3984329216885153
29006.310961156054,0.02900631096115605,0.39544190304879057
29153.650199400974,0.02915365019940097,0.39246272736044724
29301.73785584894,0.029301737855848938,0.3894777132809921
29450.57773213366,0.029450577732133658,0.38647106210831705
29600.173649199303,0.029600173649199302,0.3835800893590665
29750.529447398898,0.029750529447398897,0.3807399012265878
29901.648986592725,0.029901648986592724,0.3779222672199602
30053.536146247498,0.030053536146247496,0.375086039439041
30206.194825535742,0.03020619482553574,0.3723064651249041
30359.628943436222,0.03035962894343622,0.36964344066367383
30513.84243883433,0.03051384243883433,0.3669702973707473
30668.8392706233,0.030668839270623298,0.364291164263472
30824.62341780564,0.03082462341780564,0.3616576950076682
30981.19887959559,0.03098119887959559,0.3591431353280696
31138.569675521583,0.03113856967552158,0.35667481175937654
31296.739845529526,0.031296739845529525,0.3542135101771207
31455.7134500863,0.0314557134500863,0.3518156111296375
31615.49457028434,0.03161549457028434,0.34948170530846145
31776.087307946156,0.031776087307946156,0.3470756432297605
31937.495785729774,0.03193749578572977,0.3446873226163011
32099.72414723432,0.03209972414723432,0.3424019430886597
32262.776557106747,0.03226277655710674,0.3401054546704824
32426.657201148577,0.032426657201148575,0.3378125364948073
32591.37028642317,0.03259137028642317,0.33560272540099784
32756.920041364097,0.032756920041364095,0.3334098927622714
32923.31071588343,0.03292331071588343,0.3312042133085392
33090.54658148098,0.03309054658148098,0.32907061144833344
33258.631931353724,0.03325863193135372,0.32695583953283214
33427.571080506335,0.033427571080506334,0.32485721425771896
33597.36836586176,0.03359736836586176,0.32286897093148004
33768.02814637266,0.033768028146372656,0.3208917197697861
33939.554803133055,0.03393955480313305,0.3189154525225797
34111.95273949118,0.03411195273949118,0.31700945600762725
34285.226381162254,0.03428522638116225,0.31509971634802236
34459.38017634227,0.034459380176342265,0.31321628364266313
34634.41859582186,0.03463441859582186,0.311369145220627
34810.34613310151,0.034810346133101515,0.30952928482182446
34987.16730450664,0.03498716730450664,0.3077603700034468
35164.88664930366,0.03516488664930366,0.3060009622905702
35343.50872981627,0.035343508729816266,0.3042222378254201
35523.038131542926,0.03552303813154292,0.30243838318276706
35703.47946327435,0.035703479463274346,0.3007338583632276
35884.83735721193,0.03588483735721193,0.29906897966131524
36067.1164690864,0.0360671164690864,0.29744070409867895
36250.32147827776,0.03625032147827775,0.29580458348678185
36434.4570879351,0.0364344570879351,0.2942412322442811
36619.528025097505,0.036619528025097506,0.29268792021637524
36805.53904081514,0.03680553904081514,0.29113237206160425
36992.494910271605,0.0369924949102716,0.2895969317883114
37180.400432906295,0.037180400432906296,0.2881097468448088
37369.26043253746,0.03736926043253746,0.2866132732232593
37559.07975748641,0.03755907975748641,0.2851385238685657
37749.86328070172,0.03774986328070172,0.2836957459034904
37941.61589988445,0.03794161589988444,0.2822546292807853
38134.342537613615,0.038134342537613615,0.2808659222657141
38328.048141472966,0.03832804814147296,0.2794865323725759
38522.737684177715,0.038522737684177716,0.2781081947254789
38718.416163702335,0.038718416163702335,0.27675081368143095
38915.08860340862,0.03891508860340862,0.2754230385067657
39112.760052175,0.039112760052175,0.2741610597761833
39311.435584525905,0.039311435584525906,0.27289088461380095
39511.1203007622,0.039511120300762204,0.2716208092213628
39711.819327091805,0.0397118193270918,0.2703871038845648
39913.5378157617,0.0399135378157617,0.26914621851215115
40116.28094518997,0.040116280945189965,0.2678905971196208
40320.0539200988,0.0403200539200988,0.2666813316184715
40524.86197164789,0.04052486197164789,0.26546308451512346
40730.710357569114,0.04073071035756911,0.264245895950184
40937.60436230123,0.040937604362301226,0.2630419047678185
41145.54929712568,0.04114554929712568,0.26187786748889774
41354.55050030266,0.041354550500302664,0.26071772821998535
41564.613337208575,0.041564613337208574,0.2595535893405204
41775.74320047351,0.04177574320047351,0.2584511911442589
41987.945510119775,0.04198794551011977,0.25738016138674846
42201.22571370081,0.04220122571370081,0.256304633659887
42415.58928644142,0.042415589286441416,0.25522770528587246
42631.04173137814,0.04263104173137814,0.2541553779176472
42847.58857950027,0.042847588579500266,0.25313203074931906
43065.2353898923,0.0430652353898923,0.25210677284189603
43283.98774987638,0.04328398774987638,0.2510752979014541
43503.851275155816,0.04350385127515581,0.25005154422054926
43724.83160995901,0.043724831609959006,0.24906950960596075
43946.93442718475,0.043946934427184746,0.24808533782606593
44170.16542854759,0.044170165428547584,0.24709487823659324
44394.530344724335,0.044394530344724334,0.24612291378165094
44620.03493550088,0.04462003493550088,0.24517486668152516
44846.6849899205,0.0448466849899205,0.24425853718630652
45074.486326432176,0.04507448632643218,0.24334721735609294
45303.44479304013,0.045303444793040125,0.2424680898977609
45533.566267453614,0.04553356626745361,0.2415912972929725
45764.856657238284,0.045764856657238284,0.24071222398732245
45997.32189996754,0.04599732189996753,0.23985246536428567
46230.96796337511,0.04623096796337511,0.23900508719370456
46465.80084550792,0.046465800845507915,0.2381543307232287
46701.826574880586,0.04670182657488058,0.23731708188839576
46939.05121062982,0.046939051210629815,0.23649400769112744
47177.48084267015,0.04717748084267015,0.23566679476107147
47417.12159184994,0.04741712159184994,0.2348566663521517
47657.97961010898,0.04765797961010898,0.23405560458551705
47900.061080636166,0.047900061080636165,0.2332498293997038
48143.372218028286,0.04814337221802829,0.2324986278897239
48387.91926844932,0.04838791926844931,0.23175417652225858
48633.70850979122,0.04863370850979122,0.23101366806493462
48880.74625183489,0.04888074625183489,0.23028489105425107
49129.038836411855,0.049129038836411856,0.22955495497822154
49378.59263756759,0.04937859263756759,0.22885393962212217
49629.41406172485,0.049629414061724844,0.22814933581718722
49881.50954784823,0.04988150954784823,0.22744277790587175
50134.8855676092,0.0501348855676092,0.22673288137404646
50389.548625552685,0.050389548625552685,0.22601310497506666
50645.50525926376,0.05064550525926376,0.22530981547721574
50902.76203953563,0.05090276203953563,0.22460673042080226
51161.32557053794,0.05116132557053794,0.2238976563686886
51421.20248998688,0.05142120248998688,0.22320672106543404
51682.39946931522,0.051682399469315216,0.22253749947398238
51944.92321384373,0.051944923213843724,0.22188393255377994
52208.78046295299,0.05220878046295299,0.22123348181192937
52473.97799025693,0.05247397799025692,0.22059995331023854
52740.522603776335,0.05274052260377633,0.21996229762396652
53008.42114611384,0.053008421146113836,0.21932922400612584
53277.68049462918,0.05327768049462918,0.21870998610463252
53548.307561616326,0.053548307561616326,0.21808796549199064
53820.309294480554,0.053820309294480555,0.21747808275471034
54093.69267591699,0.05409369267591699,0.2168768978228658
54368.464724089456,0.05436846472408945,0.2162708594751468
54644.63249281125,0.05464463249281125,0.21566590142254305
54922.203071725824,0.05492220307172582,0.21505707907255456
55201.18358648899,0.05520118358648898,0.21447294577617357
55481.581198951426,0.05548158119895143,0.2139091502513274
55763.40310734316,0.05576340310734316,0.21334928428516042
56046.65654645804,0.05604665654645804,0.21279658764903397
56331.348787839175,0.05633134878783917,0.21225374042225306
56617.48713996619,0.05661748713996619,0.21170986140084197
56905.07894844247,0.05690507894844247,0.21118283271553928
57194.1315961839,0.057194131596183896,0.21065363595825984
57484.65250360802,0.05748465250360802,0.2101228139869791
57776.64912882512,0.05777664912882512,0.20959245286613062
58070.128967829296,0.058070128967829295,0.20907819453151785
58365.09955469106,0.05836509955469106,0.2085641104456193
58661.568461750394,0.05866156846175039,0.20804622038348247
58959.5432998117,0.0589595432998117,0.20753184424534482
59259.031718338825,0.05925903171833882,0.2070298735251537
59560.041405651595,0.05956004140565159,0.20652791566495332
59862.5800891228,0.0598625800891228,0.20604847312731112
60166.65553537718,0.06016665553537717,0.20557127979807244
60472.275550490376,0.060472275550490374,0.20510917207281051
60779.447980189594,0.06077944798018959,0.20464526224778756
61088.18071005449,0.061088180710054486,0.20417801427621474
61398.481665720334,0.06139848166572033,0.20371359156602062
61710.358813080995,0.06171035881308099,0.20326229052189523
62023.8201584937,0.0620238201584937,0.2028087133244865
62338.873748984064,0.06233887374898406,0.20235268999399939
62655.52767245339,0.06265552767245339,0.20190051966239436
62973.79005788583,0.06297379005788582,0.20145786222505782
63293.66907555729,0.0632936690755573,0.20100173229157742
63615.172937244744,0.06361517293724474,0.20053648629000245
63938.30989643767,0.06393830989643767,0.20007786461109373
64263.08824854965,0.06426308824854965,0.19963474603333425
64589.51633113095,0.06458951633113096,0.19920253064103427
64917.60252408326,0.06491760252408325,0.19876812913741426
65247.35524987434,0.06524735524987434,0.19834379226301418
65578.78297375448,0.06557878297375448,0.19791892126077565
65911.89420397335,0.06591189420397335,0.19749294945779175
66246.69749199912,0.06624669749199912,0.1970710627594725
66583.20143273752,0.06658320143273752,0.1966531911724785
66921.41466475274,0.06692141466475274,0.19623396677557353
67261.34587048867,0.06726134587048867,0.19581326231558274
67603.00377649254,0.06760300377649253,0.19540082834903486
67946.39715363848,0.06794639715363847,0.19498911694268134
68291.5348173529,0.06829153481735291,0.19457416805267194
68638.4256278403,0.0686384256278403,0.1941649107411358
68987.0784903115,0.0689870784903115,0.19376704096964456
69337.50235521168,0.06933750235521167,0.19337783216672724
69689.7062184505,0.0696897062184505,0.19299123956419983
70043.69912163247,0.07004369912163247,0.19260869379195097
70399.49015228983,0.07039949015228983,0.19222405829074776
70757.08844411535,0.07075708844411534,0.1918420017368359
71116.50317719701,0.071116503177197,0.19147847048053213
71477.74357825327,0.07147774357825326,0.19111562786512856
71840.81892087056,0.07184081892087056,0.19075462671662627
72205.73852574093,0.07220573852574093,0.19039544983495676
72572.51176090156,0.07257251176090156,0.19003685976249599
72941.1480419747,0.07294114804197468,0.18968002376680734
73311.65683241021,0.07331165683241021,0.18932500284132867
73684.0476437281,0.0736840476437281,0.18896826327833705
74058.3300357623,0.07405833003576229,0.18861596702953196
74434.51361690684,0.07443451361690684,0.18828099837644718
74812.60804436204,0.07481260804436204,0.18794518319040868
75192.62302438267,0.07519262302438266,0.18761378639423862
75574.56831252656,0.07557456831252655,0.18728067887396188
75958.45371390587,0.07595845371390586,0.18694932204344109
76344.28908343824,0.07634428908343824,0.18661996045974932
76732.08432610013,0.07673208432610013,0.18628880310864213
77121.84939718043,0.07712184939718042,0.18596078421157494
77513.59430253695,0.07751359430253695,0.1856325268106932
77907.32909885269,0.07790732909885269,0.185304154861105
78303.06389389424,0.07830306389389424,0.18497819829974452
78700.80884677087,0.07870080884677087,0.18465070203478773
79100.57416819593,0.07910057416819594,0.1843279114594174
79502.37012074864,0.07950237012074864,0.1840027426137108
79906.20701913767,0.07990620701913767,0.18367392096892932
80312.09523046543,0.08031209523046542,0.18334892877205347
80720.04517449507,0.08072004517449506,0.1830249554334823
81130.06732391739,0.0811300673239174,0.18270555521921106
81542.17220461997,0.08154217220461997,0.1823843987624538
81956.37039595681,0.08195637039595681,0.18206236239522705
82372.67253102078,0.08237267253102078,0.18173851417639725
82791.08929691602,0.08279108929691602,0.18141982325054593
83211.6314350326,0.0832116314350326,0.18110061799256935
83634.30974132165,0.08363430974132165,0.18077916007349143
84059.13506657336,0.08405913506657336,0.18045752762892212
84486.11831669524,0.08448611831669524,0.18013862151236984
84915.27045299143,0.08491527045299142,0.17982025682672506
85346.60249244518,0.08534660249244518,0.17950003274451348
85780.12550800094,0.08578012550800095,0.17917983532831575
86215.85062884903,0.08621585062884903,0.17887571803904276
86653.78904071063,0.08665378904071062,0.1785718896186383
87093.95198612592,0.08709395198612592,0.1782662583823852
87536.35076474205,0.08753635076474205,0.17796023728269428
87980.99673360356,0.08798099673360356,0.17765662682955682
88427.90130744329,0.08842790130744328,0.17735145027069796
88877.07595897629,0.08887707595897629,0.17704516003694326
89328.53221919386,0.08932853221919386,0.17675144466875337
89782.28167765973,0.08978228167765973,0.1764685863429325
90238.33598280705,0.09023833598280705,0.17618436279483715
90696.70684223833,0.09069670684223832,0.17590242469469716
91157.40602302534,0.09115740602302533,0.17561990217565254
91620.44535201158,0.09162044535201157,0.17533625292980676
92085.83671611518,0.09208583671611519,0.17505364626549136
92553.59206263504,0.09255359206263504,0.17477827532288298
93023.7233995569,0.09302372339955689,0.1745072453665703
93496.24279586194,0.09349624279586194,0.17423698171239513
93971.1623818359,0.0939711623818359,0.17396571339816663
94448.49434938154,0.09444849434938153,0.17369520009686573
94928.25095233091,0.09492825095233091,0.17342401312575398
95410.4445067603,0.09541044450676028,0.1731522892817245
95895.08739130567,0.09589508739130567,0.1728827440686576
96382.19204748157,0.09638219204748157,0.17261089919255504
96871.77097999986,0.09687177097999985,0.17233864947330413
97363.83675709034,0.09736383675709033,0.17206630667502276
97858.40201082436,0.09785840201082435,0.17179276936928903
98355.47943743847,0.09835547943743846,0.17152073152949415
98855.0817976606,0.0988550817976606,0.17124884703841733
99357.2219170371,0.0993572219170371,0.1709744205270431
99861.91268626286,0.09986191268626286,0.17071077490020248
100369.16706151169,0.10036916706151168,0.1704435525386769
100878.99806476918,0.10087899806476917,0.17017334777724288
101391.41878416637,0.10139141878416637,0.16990212911413896
101906.44237431666,0.10190644237431665,0.16963207156707596
102424.08205665299,0.10242408205665299,0.16936163943855626
102944.35111976745,0.10294435111976745,0.16908942072651445
103467.26291975181,0.1034672629197518,0.16881802862654138
103992.83088054137,0.10399283088054137,0.16854566616748418
104521.06849425897,0.10452106849425896,0.16827203374541447
105051.9893215616,0.1050519893215616,0.16799912961766353
105585.60699198788,0.10558560699198788,0.1677250197263348
106121.93520430897,0.10612193520430897,0.16745146993012094
106660.98772687961,0.10666098772687961,0.16717669841801414
107202.77839799183,0.10720277839799183,0.1669057513412703
107747.32112622954,0.10774732112622953,0.16663821581790936
108294.62989082662,0.10829462989082661,0.16637161358725028
108844.71874202516,0.10884471874202516,0.16610337925688834
109397.6018014364,0.10939760180143639,0.16583486317228324
109953.2932624026,0.1099532932624026,0.16556706848911767
110511.80739036245,0.11051180739036244,0.16529774281208767
111073.15852321681,0.11107315852321681,0.1650280973677003
111637.36107169613,0.11163736107169613,0.1647565424746983
112204.42951973158,0.11220442951973157,0.16448439185410021
112774.37842482614,0.11277437842482613,0.164239041410629
113347.22241842862,0.11334722241842861,0.16399266712784247
113922.97620630854,0.11392297620630853,0.16374429682865724
114501.65456893484,0.11450165456893484,0.16349621702788725
115083.27236185453,0.11508327236185452,0.16324777521232614
115667.84451607439,0.11566784451607438,0.16300699683819087
116255.38603844352,0.11625538603844351,0.16276622239018745
116845.9120120398,0.1168459120120398,0.16252482457311299
117439.43759655628,0.11743943759655627,0.16228245627149054
118035.97802869072,0.11803597802869072,0.16203923959032976
118635.54862253601,0.118635548622536,0.16179603263013365
119238.16476997442,0.11923816476997441,0.16155154231559732
119843.84194107201,0.119843841941072,0.16130682425254445
120452.59568447614,0.12045259568447614,0.1610619662796157
121064.4416278138,0.12106444162781378,0.16081586528019934
121679.39547809403,0.12167939547809402,0.16056850954644503
122297.47302211032,0.12229747302211032,0.16031966428261352
122918.69012684637,0.12291869012684636,0.16007099146929743
123543.0627398824,0.1235430627398824,0.15982244459586598
124170.606889806,0.124170606889806,0.15957376599126527
124801.33868662268,0.12480133868662267,0.15933008899412196
125435.27432216986,0.12543527432216986,0.1590861435700845
126072.43007053167,0.12607243007053168,0.15884134327064195
126712.82228845808,0.12671282228845807,0.15859415406419336
127356.46741578411,0.1273564674157841,0.1583471517844563
128003.3819758512,0.12800338197585118,0.15809920425616725
128653.58257593273,0.12865358257593273,0.1578497583996232
129307.08590765948,0.12930708590765946,0.15760049235314316
129963.90874744856,0.12996390874744856,0.1573500804173744
130624.06795693314,0.13062406795693313,0.15709838127847736
131287.5804833968,0.13128758048339678,0.15684629803885458
131954.4633602075,0.1319544633602075,0.15659331052298067
132624.73370725554,0.13262473370725553,0.1563390145273258
133298.40873139186,0.13329840873139184,0.15608479969881062
133975.50572687134,0.13397550572687134,0.15583228935948784
134656.04207579588,0.13465604207579587,0.15558128011810826
135340.03524856092,0.13534003524856092,0.15532948721861448
136027.5028043031,0.1360275028043031,0.15507758135910632
136718.46239135243,0.1367184623913524,0.1548246766387775
137412.93174768437,0.13741293174768437,0.15457050732392735
138110.92870137576,0.13811092870137576,0.15431564520140656
138812.4711710614,0.13881247117106138,0.15405908848387356
139517.57716639558,0.13951757716639557,0.15380290597981322
140226.26478851345,0.14022626478851344,0.15354454297122447
140938.55223049616,0.14093855223049614,0.15328604112987573
141654.45777783694,0.14165445777783695,0.15304283571461444
142373.99980891193,0.14237399980891194,0.1528116075482593
143097.19679545113,0.14309719679545113,0.15257956476866374
143824.067303013,0.143824067303013,0.15235045271941297
144554.62999145998,0.14455462999146,0.1521219443246391
145288.90361543925,0.14528890361543925,0.15189249901272775
146026.90702486326,0.14602690702486326,0.15166329193985878
146768.65916539286,0.14676865916539286,0.15143195134106804
147514.17907892534,0.14751417907892533,0.15119926330448538
148263.48590408207,0.14826348590408206,0.15096651840875935
149016.59887670053,0.14901659887670052,0.1507334975786744
149773.53733032686,0.14977353733032686,0.15049895207096642
150534.32069671387,0.15053432069671385,0.150262953248319
151298.9685063189,0.15129896850631888,0.15002655853893845
152067.50038880555,0.15206750038880554,0.14978948740617237
152839.9360735467,0.1528399360735467,0.14955091353051536
153616.29539013252,0.15361629539013252,0.1493114475951153
154396.5982688784,0.15439659826887842,0.14907284620681954
155180.86474133728,0.15518086474133727,0.1488370592221813
155969.11494081267,0.15596911494081267,0.14859948027539427
156761.3691028772,0.1567613691028772,0.14836099788569584
157557.64756589095,0.15755764756589094,0.14812226722894406
158357.9707715242,0.1583579707715242,0.14788220367027313
159162.35926528106,0.15916235926528105,0.14764639108479055
159970.83369702852,0.1599708336970285,0.14741051204881794
160783.41482152548,0.16078341482152547,0.1471731344758778
161600.12349895615,0.16160012349895614,0.1469353224287506
162420.9806954644,0.16242098069546437,0.14669613749567406
163246.00748369368,0.16324600748369367,0.1464554767958951
164075.22504332688,0.16407522504332686,0.14621503655308837
164908.6546616306,0.1649086546616306,0.14597302411019789
165746.31773400053,0.16574631773400053,0.14572975462187443
166588.23576451227,0.16658823576451226,0.14548701432233516
167434.43036647272,0.1674344303664727,0.145246269236829
168284.92326297393,0.16828492326297392,0.14500437215854095
169139.73628745248,0.16913973628745246,0.14476048326582128
169998.8913842489,0.1699988913842489,0.14451649991697005
170862.4106091716,0.1708624106091716,0.14427186639487136
171730.31613006184,0.17173031613006182,0.144026779516713
172602.63022736454,0.17260263022736452,0.14377884547018285
173479.37529469922,0.1734793752946992,0.14353038139647029
174360.57383943535,0.17436057383943535,0.14328124917141283
175246.24848326895,0.17524624848326895,0.14303139490334074
176136.42196280527,0.17613642196280527,0.14278018351962452
177031.11713014106,0.17703111713014105,0.1425274133852766
177930.35695345196,0.17793035695345197,0.1422773259046517
178834.16451758085,0.17883416451758086,0.1420542341229714
179742.5630246324,0.1797425630246324,0.14183252283547182
180655.57579456732,0.1806555757945673,0.1416109304137244
181573.22626580176,0.18157322626580175,0.1413887071115923
182495.53799580774,0.18249553799580773,0.14116568307124516
183422.53466171978,0.18342253466171976,0.14094134579829945
184354.24006094137,0.18435424006094137,0.14071621732408907
185290.67811175674,0.18529067811175673,0.14049010918646979
186231.87285394338,0.18623187285394338,0.14026271749495178
187177.8484493912,0.1871778484493912,0.14003420811741696
188128.62918272155,0.18812862918272152,0.1398047910384976
189084.23946191123,0.18908423946191122,0.13957408271305374
190044.70381891774,0.19004470381891772,0.139342024272051
191010.04691031112,0.19101004691031112,0.13911035201667257
191980.29351790593,0.1919802935179059,0.13887731470131554
192955.46854939626,0.19295546854939624,0.13864265856640878
193935.59703899742,0.1939355970389974,0.13840876827497928
194920.70414808704,0.19492070414808704,0.1381756106424119
195910.81516585185,0.19591081516585185,0.13794073860858735
196905.95550993533,0.1969059555099353,0.13770532626225976
197906.1507270925,0.19790615072709247,0.13746838953445772
198911.42649384416,0.19891142649384416,0.13723056608315676
199921.80861713697,0.19992180861713696,0.13699639416298703
200937.32303500423,0.20093732303500422,0.13676783269544457
201957.9958172342,0.20195799581723417,0.13653790044058947
202983.85316603768,0.20298385316603768,0.136307802307806
204014.9214167216,0.2040149214167216,0.13607669738424222
205051.22703836343,0.20505122703836343,0.13584360353698335
206092.79663449293,0.20609279663449293,0.13561046328686555
207139.65694377373,0.20713965694377373,0.13537547475822548
208191.8348406904,0.2081918348406904,0.13514030523931386
209249.3573362369,0.20924935733623687,0.13490600039158432
210312.25157861217,0.21031225157861216,0.13467066154150906
211380.54485391572,0.21138054485391572,0.1344346979212536
212454.26458684867,0.21245426458684866,0.1341967913568979
213533.43834141642,0.21353343834141641,0.1339585143120004
214618.09382163847,0.21461809382163846,0.1337190560154531
215708.25887225807,0.21570825887225806,0.1334778767818901
216803.96147945788,0.21680396147945788,0.1332361708510138
217905.22977157685,0.21790522977157684,0.1329927158467273
219012.09201983456,0.21901209201983454,0.1327482371869321
220124.57663905597,0.22012457663905596,0.13250238493760716
221242.7121883996,0.22124271218839958,0.13225595907943916
222366.52737209297,0.22236652737209295,0.13200904093527263
223496.05104016807,0.22349605104016806,0.13175991650729754
224631.31218920267,0.22463131218920265,0.13153196208088064
225772.3399630632,0.22577233996306317,0.13131626173411864
226919.16365365512,0.2269191636536551,0.13109989153153745
228071.81270167357,0.22807181270167357,0.13088243428014149
229230.3166973597,0.2292303166973597,0.130663865625074
230394.70538125886,0.23039470538125884,0.13044423941265607
231565.0086449864,0.2315650086449864,0.13022367462608364
232741.2565319935,0.2327412565319935,0.13000201255937094
233923.47923833915,0.23392347923833914,0.12977918191460064
235111.70711346375,0.23511170711346374,0.1295553138930841
236305.9706609707,0.23630597066097067,0.12933050828477752
237506.3005394078,0.23750630053940777,0.129104497769148
238712.72756305517,0.23871272756305517,0.12887703766119407
239925.28270271452,0.23992528270271452,0.12864959673024434
241143.99708650686,0.24114399708650686,0.12841990026385974
242368.90200066988,0.24236890200066988,0.1281897407477144
243600.02889036195,0.24360002889036195,0.12796000993622403
244837.4093604676,0.24483740936046758,0.12772927554058774
246081.07517641154,0.24608107517641153,0.1274974282478934
247331.05826497244,0.24733105826497243,0.12726470586243213
248587.39071510316,0.24858739071510313,0.1270312634970661
249850.1047787531,0.24985010477875308,0.1267968242413432
251119.23287169856,0.25111923287169857,0.12656106246439477
252394.8075743736,0.2523948075743736,0.1263386710027209
253676.86163270532,0.2536768616327053,0.1261167978887484
254965.42795895677,0.25496542795895677,0.12589402550151302
256260.53963257046,0.25626053963257045,0.1256694744912931
257562.2299010183,0.2575622299010183,0.12544424188382078
258870.53218065316,0.25887053218065315,0.12521778498809077
260185.48005756972,0.2601854800575697,0.12499009087758726
261507.1072884647,0.2615071072884647,0.12476139463428165
262835.4478015043,0.26283544780150425,0.12453271044149425
264170.53569719347,0.26417053569719345,0.12430392394744663
265512.405249254,0.265512405249254,0.12407307873925827
266861.09090550273,0.2668610909055027,0.12384202034420616
268216.62728873646,0.26821662728873646,0.12360963681259482
269579.0491976192,0.2695790491976192,0.12337595179910375
270948.3916075781,0.27094839160757805,0.12314170707920691
272324.6896716996,0.2723246896716996,0.12290597809838462
273707.97872163286,0.2737079787216328,0.12266875613888503
275098.29426849465,0.27509829426849464,0.12243080447414302
276495.67200378387,0.27649567200378383,0.12219173881672771
277900.14780029625,0.27790014780029626,0.12195052985934818
279311.75771304563,0.2793117577130456,0.12170899267409895
280730.5379801882,0.2807305379801882,0.12146623944255926
282156.52502395527,0.2821565250239553,0.12123021034136956
283589.75545158656,0.28358975545158654,0.12101974561176042
285030.2660562708,0.2850302660562708,0.12080863702732048
286478.0938180884,0.2864780938180884,0.12059718613836047
287933.2759049639,0.28793327590496387,0.12038464997732888
289395.84967361816,0.28939584967361814,0.1201704910093814
290865.8526705264,0.2908658526705264,0.11995550535317492
292343.3226328848,0.29234332263288476,0.11973969529931071
293828.29748957715,0.2938282974895771,0.11952288296255408
295320.81536215,0.29532081536215,0.1193054524435585
296820.9145657887,0.2968209145657887,0.1190861727519971
298328.63361030456,0.29832863361030454,0.11886587243183037
299844.01120112103,0.29984401120112103,0.11864463899011882
301367.0862402686,0.3013670862402686,0.11842228277365519
302897.89782738127,0.30289789782738125,0.1181989394723002
304436.4852607036,0.3044364852607036,0.11797373555798935
305982.8880380971,0.3059828880380971,0.11774895022569205
307537.1458580558,0.3075371458580558,0.11752297232804176
309099.29862072255,0.30909929862072255,0.11729617399220046
310669.3864289173,0.3106693864289173,0.11706762783497685
312247.4495891637,0.3122474495891637,0.11683952701241865
313833.52861272555,0.31383352861272557,0.1166106718788491
315427.6642166442,0.3154276642166442,0.11637961738740324
317029.89732478716,0.31702989732478715,0.11615695531121752
318640.26906889665,0.31864026906889664,0.11594251445340728
320258.8207896465,0.32025882078964646,0.11572685765338228
321885.5940377011,0.32188559403770106,0.1155107552701536
323520.6305747857,0.3235206305747857,0.11529307288859782
325163.972374756,0.32516397237475597,0.115074289472338
326815.6616246769,0.3268156616246769,0.11485397962956126
328475.7407259033,0.3284757407259033,0.11463339096682937
330144.25229517184,0.3301442522951718,0.11441134688028538
331821.23916569346,0.33182123916569345,0.1141891123686162
333506.74438825104,0.333506744388251,0.11396533982253126
335200.8112323083,0.33520081123230827,0.11374138385733783
336903.48318711785,0.3369034831871178,0.11351607853610118
338614.8039628395,0.33861480396283944,0.11329050773061118
340334.8174916591,0.34033481749165906,0.11306274390949124
342063.5679289207,0.3420635679289207,0.11283405734245579
343801.09965425724,0.3438010996542572,0.11260445786032203
345547.45727273123,0.34554745727273123,0.1123734213528205
347302.6856159774,0.3473026856159774,0.11214194361392209
349066.8297433571,0.34906682974335707,0.11190801442182588
350839.9349431127,0.3508399349431127,0.11167457323040213
352622.04673353164,0.35262204673353165,0.11143888234754241
354413.21086411196,0.3544132108641119,0.11120226419384115
356213.47331674106,0.356213473316741,0.11099093862315418
358022.88030687335,0.35802288030687335,0.11078600412079861
359841.47828471777,0.35984147828471774,0.11058016385922129
361669.31393642805,0.36166931393642804,0.11037406503976421
363506.4341853048,0.36350643418530476,0.11016776035209427
365352.8861929976,0.3653528861929976,0.10996036269017626
367208.7173607171,0.3672087173607171,0.1097516730500872
369073.9753304491,0.3690739753304491,0.10954095365566821
370948.70798618166,0.3709487079861816,0.10932996595130128
372832.9634551316,0.3728329634551316,0.1091177679652761
374726.7901089814,0.3747267901089814,0.10890494097864327
376630.2365651185,0.37663023656511846,0.10869165649748345
378543.35168788675,0.3785433516878867,0.10847558703968645
380466.1845898398,0.3804661845898398,0.1082595851638285
382398.7846329989,0.3823987846329989,0.10804182646662781
384341.2014301249,0.38434120143012485,0.10782448755753765
386293.4848459886,0.38629348484598863,0.10760411046667616
388255.6849986527,0.3882556849986527,0.10738352102883962
390227.8522607553,0.3902278522607553,0.10716286289840796
392210.03726080747,0.39221003726080744,0.10694072720492137
394202.2908844897,0.3942022908844897,0.10671742569895049
396204.6642759604,0.3962046642759604,0.10649339766434059
398217.2088391652,0.3982172088391652,0.10626967394160505
400239.97623916145,0.4002399762391614,0.10606438751252253
402273.0184034413,0.40227301840344126,0.10585906929229064
404316.3875232663,0.4043163875232663,0.10565226131780381
406370.1360550045,0.4063701360550045,0.10544434267286044
408434.31672148115,0.4084343167214811,0.10523561013322615
410508.9825133295,0.41050898251332946,0.10502530892546544
412594.18669035257,0.4125941866903525,0.10481485111539088
414689.9827828873,0.41468998278288727,0.10460194573413742
416796.4245931834,0.4167964245931834,0.10438912449848141
418913.5661967814,0.4189135661967814,0.10417456315502525
421041.46194390254,0.4210414619439025,0.10396004089664668
423180.16646084085,0.42318016646084083,0.10374401141350865
425329.73465137,0.42532973465137,0.10352705548580991
427490.22169814986,0.4274902216981498,0.10330951022438195
429661.6830641445,0.4296616830641445,0.1030908602037178
431844.1744940433,0.4318441744940433,0.1028703036289022
434037.7520156959,0.4340377520156959,0.10264904498556428
436242.471941549,0.43624247194154897,0.10242716508157518
438458.3908700892,0.43845839087008914,0.10220379138701233
440685.56568730064,0.4406855656873006,0.10197945004218606
442924.05356812244,0.4429240535681224,0.1017545490799776
445173.911977918,0.445173911977918,0.10152795043745708
447435.1986739468,0.44743519867394677,0.1013115327454091
449707.9717068522,0.44970797170685217,0.10111574839294694
451992.28942214826,0.45199228942214825,0.100920163512684
454288.2104617193,0.4542882104617193,0.10072213808717553
456595.7937653222,0.45659579376532217,0.10052406183734436
458915.09857210395,0.45891509857210394,0.10032482445634322
461246.18442211964,0.4612461844221196,0.1001254792019644
463589.1111578622,0.46358911115786217,0.09992513152052479
465943.9389257955,0.46594393892579544,0.09972365484757935
468310.72817790334,0.4683107281779033,0.09952122347011319
470689.5396732382,0.4706895396732382,0.0993181210769989
473080.43447948236,0.47308043447948234,0.09911341512327529
475483.4739745124,0.4754834739745124,0.09890789051726884
477898.7198479801,0.47789871984798005,0.09870149700963791
480326.23410289234,0.4803262341028923,0.0984932033907468
482766.07905720477,0.48276607905720476,0.09828483104319367
485218.3173454183,0.4852183173454183,0.09807511891369217
487683.0119201918,0.4876830119201918,0.09786395743119808
490160.2260539551,0.4901602260539551,0.09765208172634764
492650.02334053477,0.49265002334053476,0.09743888899387215
495152.4676967833,0.4951524676967833,0.09722616171810923
497667.62336422526,0.49766762336422526,0.09701071584842325
500195.55491070374,0.5001955549107037,0.09679507004526129
502736.32723203517,0.5027363272320351,0.09658578603541881
505290.00555368076,0.5052900055536808,0.0963814849206582
507856.65543241746,0.5078566554324174,0.09617544165785147
510436.3427580224,0.5104363427580224,0.09596870154626091
513029.1337549611,0.5130291337549611,0.09576127189284547
515635.09498409263,0.5156350949840927,0.09555193162469348
518254.2933443751,0.5182542933443751,0.0953408933743324
520886.7960745845,0.5208867960745844,0.0951301661237395
523532.67075503734,0.5235326707550373,0.09491923245239378
526191.9853093311,0.5261919853093311,0.09470665788306148
528864.8080060843,0.5288648080060843,0.09449306988211548
531551.2074606905,0.5315512074606905,0.09428449512461631
534251.2526370767,0.5342512526370766,0.09408975426496256
536965.0128494785,0.5369650128494785,0.09389436419457947
539692.5577642167,0.5396925577642167,0.09369665681933168
542433.9574014868,0.5424339574014868,0.09349929736480188
545189.2821371534,0.5451892821371535,0.0933007603921864
547958.6027045621,0.5479586027045621,0.0931019739634345
550741.9901963518,0.5507419901963517,0.09290064919066762
553539.516066281,0.5535395160662809,0.09269877450059964
556351.2521310598,0.5563512521310597,0.0924970847514425
559177.2705721973,0.5591772705721972,0.09229289286955779
562017.6439378525,0.5620176439378525,0.09208791475138842
564872.4451446977,0.5648724451446977,0.09188220325231801
567741.7474797867,0.5677417474797867,0.09167573639348692
570625.6246024423,0.5706256246024423,0.09146779932211775
573524.1505461438,0.5735241505461437,0.09125900667077519
576437.399720425,0.576437399720425,0.09104910166581358
579365.4469127903,0.5793654469127902,0.09084349677177916
582308.3672906306,0.5823083672906305,0.09065578879160102
585266.2364031547,0.5852662364031547,0.09046675754518149
588239.1301833251,0.5882391301833251,0.09027698219887187
591227.1249498134,0.5912271249498133,0.09008628510210152
594230.2974089549,0.5942302974089549,0.08989547130935294
597248.7246567206,0.5972487246567206,0.08970240151111253
600282.4841806915,0.6002824841806915,0.08950914574660168
603331.6538620547,0.6033316538620547,0.08931531829077645
606396.3119775981,0.6063963119775981,0.08911947188287936
609476.5372017222,0.6094765372017221,0.0889240549197852
612572.4086084553,0.6125724086084553,0.08872731248044458
615684.0056734902,0.6156840056734902,0.0885297070020478
618811.4082762201,0.61881140827622,0.0883307626368602
621954.6967017911,0.6219546967017912,0.08813011573465546
625113.9516431593,0.6251139516431592,0.08792899341388237
628289.2542031681,0.6282892542031681,0.08772833007814444
631480.6858966273,0.6314806858966272,0.08752707424862029
634688.328652406,0.634688328652406,0.08733227384191994
637912.2648155333,0.6379122648155333,0.08713686233915353
641152.5771493174,0.6411525771493174,0.08694066169179583
644409.3488374667,0.6444093488374667,0.08674435677929265
647682.663486227,0.647682663486227,0.08654538549092611
650972.6051265236,0.6509726051265237,0.08634564797920527
654279.2582161253,0.6542792582161253,0.08614552369929887
657602.7076418087,0.6576027076418086,0.08594455576395069
660943.0387215344,0.6609430387215344,0.0857424072621742
664300.3372066442,0.6643003372066442,0.08553966848639223
667674.6892840574,0.6676746892840574,0.08533656016846365
671066.181578486,0.671066181578486,0.08514689703099818
674474.9011546536,0.6744749011546536,0.08496071731802435
677900.935519538,0.677900935519538,0.08477494470025104
681344.3726246123,0.6813443726246122,0.08458796054689548
684805.3008681054,0.6848053008681053,0.08439929764905808
688283.8090972665,0.6882838090972665,0.08420843332187747
691779.9866106535,0.6917799866106534,0.08401775102616776
695293.9231604197,0.6952939231604196,0.08382720045257666
698825.7089546216,0.6988257089546216,0.08363603734116802
702375.4346595285,0.7023754346595286,0.0834420694037376
705943.1914019582,0.7059431914019582,0.08324635102323014
709529.0707716113,0.7095290707716113,0.08305077482263183
713133.1648234247,0.7131331648234246,0.08285565810345179
716755.5660799298,0.7167555660799297,0.08265927573432084
720396.3675336357,0.7203963675336357,0.08246136723113867
724055.6626494108,0.7240556626494108,0.08226215603592558
727733.5453668851,0.7277335453668851,0.08206222628419035
731430.1101028565,0.7314301101028565,0.08187894510638224
735145.4517537224,0.7351454517537224,0.08170056753307114
738879.6656979107,0.7388796656979106,0.08152151091142716
742632.8477983307,0.7426328477983307,0.08134131393482638
746405.0944048292,0.7464050944048292,0.0811597948920695
750196.5023566714,0.7501965023566713,0.08097702333659743
754007.1689850232,0.7540071689850232,0.0807946633854881
757837.1921154459,0.7578371921154459,0.08061159961244226
761686.6700704152,0.7616866700704152,0.08042626112088992
765555.7016718406,0.7655557016718406,0.08024014096651072
769444.3862436041,0.7694443862436041,0.08005286510258385
773352.8236141053,0.7733528236141053,0.07986602633215159
777281.114118832,0.777281114118832,0.07967791517118708
781229.3586029306,0.7812293586029305,0.0794886936333276
785197.6584237973,0.7851976584237973,0.07929819423143027
789186.1154536755,0.7891861154536755,0.07910633572055088
793194.8320822783,0.7931948320822783,0.07891472634506601
797223.9112194121,0.797223911219412,0.0787285752050527
801273.456297621,0.8012734562976209,0.07854434644743348
805343.5712748362,0.8053435712748361,0.07835872075991451
809434.360637054,0.8094343606370539,0.07817236441252136
813545.9294010114,0.8135459294010114,0.07798511934465494
817678.3831168859,0.8176783831168859,0.07779740243439193
821831.8278709988,0.8218318278709987,0.07760856710734489
826006.370288547,0.826006370288547,0.07741858465190156
830202.1175363354,0.8302021175363353,0.07722754669597404
834419.17732553,0.83441917732553,0.07703550450750563
838657.6579144174,0.8386576579144174,0.07684261378865272
842917.6681111933,0.8429176681111933,0.07665596229325834
847199.3172767492,0.8471993172767491,0.07648027200635854
851502.7153274829,0.8515027153274829,0.07630409226912784
855827.9727381147,0.8558279727381146,0.0761272073049125
860175.200544532,0.860175200544532,0.07594945990420143
864544.5103466357,0.8645445103466357,0.07577000606747339
868936.0143111999,0.8689360143111998,0.0755899554565385
873349.8251747612,0.8733498251747612,0.075408851680552
877786.0562465064,0.8777860562465064,0.07522764569834857
882244.8214111843,0.8822448214111842,0.07504562242538092
886726.2351320232,0.8867262351320232,0.07486273699044523
891230.4124536791,0.8912304124536791,0.07467891641823016
895757.4690051819,0.8957574690051818,0.0744929927521815
900307.5210029078,0.9003075210029078,0.07430752519323079
904880.6852535559,0.9048806852535558,0.07412007952358356
909477.0791571564,0.9094770791571564,0.07393217552968524
914096.8207100783,0.9140968207100784,0.0737440097916223
918740.0285080618,0.9187400285080617,0.0735618649901793
923406.8217492556,0.9234068217492556,0.07339373997238427
928097.3202372879,0.9280973202372879,0.07322420913895145
932811.6443843342,0.9328116443843342,0.07305398423254045
937549.9152142126,0.9375499152142126,0.07288259967388236
942312.2543654834,0.9423122543654834,0.07271145687673071
947098.7840945823,0.9470987840945823,0.07253939421387876
951909.627278952,0.951909627278952,0.07236697780606999
956744.9074201997,0.9567449074201997,0.07219330671117782
961604.7486472614,0.9616047486472614,0.07201770838602645
966489.275719598,0.966489275719598,0.07184101953427144
971398.6140303921,0.9713986140303921,0.071664070894867
976332.8896097695,0.9763328896097694,0.0714875580904303
981292.2291280283,0.9812922291280283,0.07130896292912425
986276.7598989009,0.9862767598989008,0.07113051443188444
991286.6098828173,0.9912866098828172,0.07095091917389373
996321.9076901844,0.9963219076901844,0.07076958148268922
1001382.782584699,1.001382782584699,0.07059042735332159
1006469.3644866578,1.0064693644866578,0.07041693686206536
1011581.7839762975,1.0115817839762975,0.07024239757361135
1016720.1722971391,1.016720172297139,0.07006772860708055
1021884.661359368,1.021884661359368,0.06989228009473103
1027075.3837432135,1.0270753837432134,0.06971548783865192
1032292.4727023555,1.0322924727023555,0.06953778958734382
1037536.0621673381,1.037536062167338,0.0693591938708237
1042806.286749019,1.042806286749019,0.06917970029217314
1048103.281742018,1.048103281742018,0.06899933155693493
1053427.183128193,1.053427183128193,0.06881817527596137
1058778.1275801244,1.0587781275801245,0.06863611083479684
1064156.2524646348,1.0641562524646349,0.06847021910566169
1069561.6958463069,1.0695616958463068,0.06830514531660443
1074994.5964910332,1.0749945964910332,0.06813925866617282
1080455.093869569,1.080455093869569,0.06797254332605705
1085943.3281611262,1.0859433281611262,0.06780499324355671
1091459.440256962,1.091459440256962,0.06763662892689919
1097003.571764002,1.097003571764002,0.06746742798737626
1102575.8650084657,1.1025758650084656,0.06729741285072603
1108176.463039533,1.108176463039533,0.0671265310473728
1113805.5096330089,1.1138055096330088,0.0669548090106135
1119463.149295017,1.119463149295017,0.06678224696271193
1125149.5272657028,1.1251495272657028,0.0666088497589236
1130864.7895229738,1.1308647895229738,0.06643461830168167
1136609.0827862401,1.13660908278624,0.06625951825548573
1142382.5545201756,1.1423825545201756,0.06608350268341348
1148185.352938516,1.148185352938516,0.06590676103752115
1154017.627007855,1.154017627007855,0.0657291801597784
1159879.526451473,1.1598795264514727,0.06556967220482339
1165771.2017531716,1.1657712017531716,0.06541219884530139
1171692.8041611507,1.1716928041611507,0.06525392589378717
1177644.485691882,1.177644485691882,0.06509498173274908
1183626.399134015,1.183626399134015,0.0649351542223296
1189638.6980522925,1.1896386980522924,0.06477470363274616
1195681.5367915044,1.1956815367915044,0.06461327686649229
1201755.0704804417,1.2017550704804416,0.06445128613451508
1207859.4550358835,1.2078594550358834,0.06428829721769984
1213994.8471665902,1.21399484716659,0.06412468664620585
1220161.4043773403,1.2201614043773403,0.06396025602352987
1226359.2849729653,1.2263592849729652,0.06379504111423966
1232588.6480624161,1.232588648062416,0.06362898136705392
1238849.6535628417,1.2388496535628417,0.06346203775424307
1245142.462203705,1.2451424622037048,0.06329441161914914
1251467.2355309017,1.2514672355309016,0.06312595094397552
1257824.1359109117,1.2578241359109117,0.06295677450089174
1264213.3265349579,1.2642133265349578,0.06279472163896666
1270634.9714232092,1.270634971423209,0.06263342875067128
1277089.2354289822,1.2770892354289822,0.062471489602459004
1283576.2842429779,1.2835762842429779,0.062308989136399956
1290096.284397526,1.2900962843975259,0.062145301570995584
1296649.403270873,1.2966494032708729,0.06198104988821787
1303235.8090914742,1.3032358090914742,0.06181623913326039
1309855.6709423033,1.3098556709423033,0.06165033790283754
1316509.1587652073,1.3165091587652071,0.06148358544136901
1323196.4433652617,1.3231964433652617,0.061316274068268936
1329917.6964151573,1.3299176964151573,0.06114789406668724
1336673.0904595999,1.3366730904595998,0.06098716474108656
1343462.7989197532,1.3434627989197532,0.06083528283878484
1350286.996097681,1.350286996097681,0.0606825747972745
1357145.8571808278,1.3571458571808277,0.060529084325141425
1364039.5582465045,1.3640395582465044,0.06037502737251581
1370968.2762664247,1.3709682762664246,0.06022005470271262
1377932.189111238,1.3779321891112382,0.06006453048125911
1384931.4755551005,1.3849314755551003,0.059907993799859914
1391966.315280254,1.391966315280254,0.05975101496428532
1399036.888881655,1.399036888881655,0.05959326085909361
1406143.3778715995,1.4061433778715995,0.059435012767813246
1413285.9646843886,1.4132859646843885,0.05927558313668707
1420464.832681001,1.4204648326810008,0.05911531207225249
1427680.166153816,1.4276801661538159,0.05895446908693324
1434932.1503313344,1.4349321503313344,0.05879265215838673
1442220.971382938,1.442220971382938,0.058630722488094845
1449546.8164236597,1.4495468164236596,0.05846765178692261
1456909.8735190006,1.4569098735190005,0.058312508612642776
1464310.33168975,1.46431033168975,0.058168551101083044
1471748.3809168418,1.4717483809168417,0.058023148764364776
1479224.2121462205,1.4792242121462205,0.05787807114433495
1486738.0172937599,1.4867380172937599,0.057732042716245074
1494289.9892501817,1.4942899892501817,0.05758553983876219
1501880.321885999,1.501880321885999,0.057438268011614946
1509509.2100565096,1.5095092100565095,0.05728976941980733
1517176.8496067873,1.5171768496067872,0.057141006750264296
1524883.4373767152,1.5248834373767153,0.0569912658540907
1532629.1712060275,1.5326291712060274,0.05684133689725269
1540414.2499394051,1.5404142499394051,0.05669032556318383
1548238.8734315697,1.5482388734315695,0.05653892681724039
1556103.2425524185,1.5561032425524184,0.05638647091707664
1564007.5591921718,1.5640075591921718,0.05623354742287257
1571952.0262665702,1.57195202626657,0.05607894523026851
1579936.8477220747,1.5799368477220745,0.05592457976862948
1587962.2285411062,1.5879622285411061,0.0557733601984116
1596028.3747472982,1.596028374747298,0.055626592322412474
1604135.4934108006,1.6041354934108005,0.055479647767913455
1612283.7926535858,1.6122837926535858,0.05533142890945275
1620473.481654797,1.620473481654797,0.055182972514828066
1628704.7706561058,1.6287047706561057,0.05503269414409312
1636977.8709671276,1.6369778709671274,0.05488261239281107
1645292.994970834,1.6452929949708341,0.05473158801658707
1653650.3561290118,1.6536503561290117,0.05457987079748826
1662050.1689877296,1.6620501689877296,0.05442796530654055
1670492.6491828647,1.6704926491828647,0.054275069563709526
1678978.0134456262,1.6789780134456262,0.054121820508783156
1687506.4796081248,1.6875064796081247,0.05398386886934204
1696078.2666089532,1.6960782666089531,0.05384561993752064
1704693.5944988243,1.7046935944988242,0.05370748443362558
1713352.6844462117,1.7133526844462117,0.05356811976574234
1722055.7587430174,1.7220557587430174,0.05342679196915995
1730803.0408102975,1.7308030408102975,0.05328566454768491
1739594.7552039851,1.739594755203985,0.0531446162128969
1748431.1276206616,1.7484311276206617,0.05300241448010649
1757312.3849033378,1.7573123849033376,0.05285910132130413
1766238.7550472955,1.7662387550472953,0.052715939589443296
1775210.4672059296,1.7752104672059295,0.052571721086778066
1784227.751696635,1.784227751696635,0.052426644047066547
1793290.840006709,1.793290840006709,0.05227983580860181
1802399.9647993108,1.8023999647993107,0.05213332161789821
1811555.359919422,1.811555359919422,0.05198713236937105
1820757.2603998575,1.8207572603998574,0.05183910499713377
1830005.9024672846,1.8300059024672846,0.051690683224925066
1839301.5235483076,1.8393015235483074,0.05156023947374671
1848644.3622755501,1.84864436227555,0.05142969310029053
1858034.6584937866,1.8580346584937866,0.051298310350523575
1867472.6532660876,1.8674726532660875,0.05116700117241054
1876958.5888800274,1.8769585888800273,0.05103517630974496
1886492.7088538907,1.8864927088538905,0.05090228925512144
1896075.25794293,1.89607525794293,0.05076873339052034
1905706.4821456377,1.9057064821456378,0.050634770582363015
1915386.6287100785,1.9153866287100785,0.05049895238739523
1925115.9461402257,1.9251159461402256,0.05036334164882235
1934894.6842023458,1.9348946842023458,0.05022742792191075
1944723.0939313972,1.944723093931397,0.0500903779023969
1954601.4276374953,1.9546014276374952,0.04995314034166973
1964529.9389123798,1.9645299389123796,0.04981393352506786
1974508.882635913,1.974508882635913,0.04967469130656382
1984538.5149826459,1.9845385149826458,0.04953580285179947
1994619.0934283785,1.9946190934283783,0.04939684818948697
2004750.8767567778,2.004750876756778,0.04926454334710449
2014934.1250660073,2.014934125066007,0.049131813247426034
2025169.0997754242,2.025169099775424,0.04899881108067621
2035456.0636322773,2.035456063632277,0.04886583595693984
2045795.280718459,2.045795280718459,0.048731677797118025
2056187.01645727,2.0561870164572698,0.048595442709790056
2066631.5376202546,2.0666315376202546,0.04845958869448565
2077129.1123340353,2.077129112334035,0.048323864578595555
2087680.010087203,2.087680010087203,0.04818797333153529
2098284.5017372207,2.0982845017372207,0.04805023783806288
2108942.859517398,2.1089428595173976,0.04791206835355679
2119655.357043866,2.119655357043866,0.047782428723830754
2130422.2693226095,2.1304222693226094,0.047658901523890504
2141243.8727565086,2.1412438727565086,0.047534749697703674
2152120.445152462,2.152120445152462,0.04740996819728564
2163052.2657284983,2.1630522657284983,0.04728456245206396
2174039.615120956,2.174039615120956,0.047158004327036464
2185082.7753916695,2.1850827753916695,0.04703079316469559
2196182.0300352345,2.1961820300352346,0.04690295769335459
2207337.66398627,2.20733766398627,0.04677448157914384
2218549.9636267414,2.2185499636267414,0.046645538971902975
2229819.2167932955,2.2298192167932953,0.04651619114319691
2241145.7127846736,2.2411457127846734,0.046386193294969257
2252529.7423691275,2.2525297423691275,0.04625553374559432
2263971.597791871,2.263971597791871,0.04612420902535398
2275471.5727826064,2.2754715727826063,0.0459922511625136
2287029.9625630486,2.2870299625630484,0.04585959095905653
2298647.0638545128,2.2986470638545127,0.04572658350782626
2310323.174885515,2.310323174885515,0.04560278467106323
2322058.5953994533,2.322058595399453,0.0454869485877844
2333853.6266622837,2.3338536266622834,0.04537049206798347
2345708.571470266,2.345708571470266,0.04525352036667913
2357623.7341577187,2.3576237341577184,0.04513586370781616
2369599.420604855,2.3695994206048545,0.04501770191338272
2381635.9382456215,2.3816359382456214,0.04489825137031734
2393733.5960755977,2.3937335960755974,0.04477801721942948
2405892.704659911,2.4058927046599106,0.04465712779278468
2418113.5761412345,2.4181135761412342,0.04453575715941267
2430396.524247785,2.430396524247785,0.04441365031451938
2442741.8643013835,2.442741864301383,0.044291179758468704
2455149.9132255334,2.4551499132255334,0.04416836379480188
2467620.9895535833,2.467620989553583,0.04404481065738144
2480155.4134368855,2.4801554134368855,0.04392076474741351
2492753.5066530234,2.492753506653023,0.04379605109458368
2505415.592614056,2.5054155926140558,0.04367073215794956
2518141.996374846,2.5181419963748457,0.04354924393754703
2530933.044641386,2.530933044641386,0.04343192599283067
2543789.0657791947,2.5437890657791944,0.04331419448383109
2556710.3898217306,2.5567103898217303,0.043196225921563566
2569697.3484788886,2.5696973484788885,0.04307764982355015
2582750.2751455037,2.5827502751455036,0.04295822807520634
2595869.504909895,2.5958695049098948,0.042838714922503254
2609055.374562497,2.6090553745624967,0.04271832595517583
2622308.2226044848,2.6223082226044845,0.04259739060518419
2635628.3892564755,2.6356283892564756,0.04247577428816154
2649016.216467242,2.649016216467242,0.042353491699039354
2662472.047922521,2.662472047922521,0.04223152926234848
2675996.2290538144,2.675996229053814,0.04212161591266528
2689589.107047269,2.689589107047269,0.042011311918187716
2703251.0308525697,2.7032510308525697,0.04190034324531172
2716982.351191926,2.7169823511919255,0.04178895068892142
2730783.4205690552,2.7307834205690553,0.04167710110325186
2744654.593278244,2.744654593278244,0.041564940223260724
2758596.2254134226,2.7585962254134224,0.04145221848054645
2772608.674877335,2.772608674877335,0.041338677261618786
2786692.301390708,2.786692301390708,0.04122509210206777
2800847.466501496,2.8008474665014957,0.04111057572564892
2815074.5335941426,2.8150745335941427,0.04099561885305594
2829373.8678989382,2.829373867898938,0.04088013909069944
2843745.836501377,2.8437458365013772,0.04076382747815079
2858190.80835159,2.8581908083515897,0.040647114938640656
2872709.1542737964,2.8727091542737964,0.04053026830271418
2887301.246975854,2.887301246975854,0.04041295764739359
2901967.461058807,2.901967461058807,0.04029658632415336
2916708.1730265124,2.916708173026512,0.04019473209255558
2931523.761295284,2.931523761295284,0.040092624093250026
2946414.6062036403,2.94641460620364,0.039989612838361874
2961381.09002205,2.9613810900220496,0.03988682787028481
2976423.5969627313,2.9764235969627313,0.03978271610556692
2991542.513189547,2.9915425131895472,0.03967862096061183
3006738.2268278967,3.0067382268278964,0.039573664082626164
3022011.127974689,3.022011127974689,0.03946745576652861
3037361.608708338,3.0373616087083377,0.03936021939696972
3052790.063098858,3.052790063098858,0.039252320297741464
3068296.887217961,3.0682968872179606,0.03914471787442376
3083882.4791492308,3.0838824791492305,0.03903669016684666
3099547.2389983265,3.0995472389983263,0.038927320811306974
3115291.5689032814,3.1152915689032814,0.03881784724334536
3131115.873044808,3.131115873044808,0.038708110419593225
3147020.5576566826,3.1470205576566825,0.03859718024871549
3163006.0310361544,3.1630060310361543,0.03848671331044732
3179072.703554457,3.179072703554457,0.03838392580909112
3195220.9876673245,3.1952209876673243,0.038280319769514744
3211451.297925588,3.211451297925588,0.03817685742851093
3227764.0509857987,3.2277640509857988,0.03807311264597331
3244159.6656209533,3.2441596656209533,0.03796840966216725
3260638.5627312264,3.260638562731226,0.03786338797543073
3277201.1653547846,3.2772011653547843,0.03775865797449877
3293847.8986786245,3.2938478986786244,0.03765297211691273
3310579.190049521,3.310579190049521,0.037546775018698214
3327395.468984977,3.3273954689849767,0.03743959998289335
3344297.1671842597,3.3442971671842594,0.037332366330298364
3361284.718539461,3.3612847185394608,0.037233800766577174
3378358.5591466688,3.3783585591466685,0.037138712788216975
3395519.1273171483,3.395519127317148,0.0370427445522621
3412766.8635885734,3.412766863588573,0.03694702559817459
3430102.210736372,3.4301022107363717,0.036851220521986694
3447525.6137850704,3.44752561378507,0.03675357151917659
3465037.520019729,3.465037520019729,0.036655048915105085
3482638.3789974,3.4826383789974,0.03655577196561023
3500328.6425587037,3.5003286425587037,0.03645639996734541
3518108.7648394075,3.518108764839407,0.036356206724337696
3535979.202282092,3.5359792022820917,0.0362552690320396
3553940.413647846,3.5539404136478456,0.0361544039724693
3571992.8600280816,3.5719928600280815,0.03605323854709055
3590137.004856344,3.5901370048563437,0.03595101062365628
3608373.313920222,3.608373313920222,0.035848217969016494
3626702.255373283,3.626702255373283,0.0357454673182879
3645124.299747123,3.6451242997471227,0.0356417700447719
3663639.919963427,3.6636399199634266,0.03554753180965411
3682249.5913461186,3.6822495913461184,0.03545820904908279
3700953.7916335366,3.700953791633536,0.035368836869513726
3719753.0009907405,3.7197530009907402,0.03527895402192221
3738647.7020218084,3.738647702021808,0.035188892993788676
3757638.3797822404,3.7576383797822404,0.035098514806357395
3776725.5217913846,3.776725521791384,0.03500788381248454
3795909.618044992,3.7959096180449916,0.03491674358672666
3815191.161027768,3.815191161027768,0.034824762473957764
3834570.645726031,3.834570645726031,0.03473273833290175
3854048.5696403887,3.8540485696403883,0.034639745630721606
3873625.4327985537,3.8736254327985535,0.034546714995971624
3893301.737768158,3.893301737768158,0.03445290847747937
3913077.989669634,3.9130779896696337,0.03435905613063404
3932954.6961892247,3.9329546961892246,0.03426423195387545
3952932.3675919864,3.9529323675919863,0.03416928171415212
3973011.5167349037,3.9730115167349034,0.03407411908065021
3993192.659080027,3.993192659080027,0.03398338046908682
4013476.312707748,4.0134763127077475,0.03389409319940794
4033862.9983300692,4.033862998330069,0.033804056921203515
4054353.2393039884,4.054353239303988,0.033714261487703914
4074947.561644904,4.074947561644904,0.033623285324979976
4095646.49404016,4.095646494040159,0.03353130069760542
4116450.567862593,4.116450567862593,0.03343956955530393
4137360.317184186,4.137360317184186,0.03334809119386653
4158376.278789749,4.158376278789749,0.03325657201010395
4179498.9921907433,4.1794989921907435,0.03316331757540718
4200728.999639103,4.200728999639103,0.03306982380939267
4222066.846141171,4.22206684614117,0.032978333035872096
4243513.079471656,4.243513079471656,0.03289266768299964
4265068.250187745,4.2650682501877455,0.032806455348932874
4286732.911643205,4.286732911643205,0.032719110221813105
4308507.620002602,4.308507620002602,0.032631963902201216
4330392.93425555,4.330392934255549,0.03254505164710674
4352389.416231104,4.352389416231104,0.032457615516986435
4374497.630612157,4.374497630612157,0.03236947004446289
4396718.144949949,4.396718144949949,0.03228118225850453
4419051.5296786055,4.4190515296786055,0.0321985294704014
4441498.358129828,4.441498358129828,0.03211821680440836
4464059.206547591,4.46405920654759,0.032037851794233754
4486734.654102908,4.486734654102908,0.031956756361375765
4509525.2829087535,4.509525282908753,0.0318751262878859
4532431.678034964,4.532431678034964,0.031793144405076815
4555454.427523285,4.555454427523285,0.03171100916731446
4578594.122402429,4.5785941224024285,0.03162856408624472
4601851.356703297,4.601851356703297,0.031545287086140114
4625226.727474196,4.625226727474196,0.031462186148410634
4648720.834796183,4.648720834796182,0.03137759087835727
4672334.281798436,4.672334281798436,0.031293225632055034
4696067.67467379,4.69606767467379,0.031208893358631154
4719921.62269426,4.71992162269426,0.03113317546376915
4743896.738226705,4.743896738226705,0.031057991665021337
4767993.6367485095,4.76799363674851,0.030981507613897293
4792212.936863436,4.792212936863436,0.03090447265487209
4816555.260317476,4.816555260317475,0.030826828855853222
4841021.232014819,4.8410212320148185,0.030748671444060037
4865611.48003387,4.86561148003387,0.03067071491028125
4890326.635643418,4.890326635643418,0.030591628522838255
4915167.333318812,4.915167333318812,0.030512410385930198
4940134.210758261,4.940134210758261,0.030432895783306196
4965227.908899178,4.965227908899178,0.030353591355711636
4990449.071934674,4.990449071934674,0.03027414770123016
5015798.347330072,5.015798347330072,0.03019384850748303
5041276.385839542,5.041276385839542,0.03011748421342593
5066883.841522768,5.066883841522768,0.030041315627986936
5092621.371761798,5.092621371761798,0.02996534224196632
5118489.637277887,5.118489637277887,0.029889291329279595
5144489.302148438,5.144489302148438,0.029811483623163493
5170621.033824098,5.170621033824098,0.029733348086495085
5196885.5031458605,5.19688550314586,0.02965542020772402
5223283.384362305,5.223283384362304,0.029577699426123136
5249815.355146865,5.249815355146865,0.02950007447596492
5276482.096615288,5.276482096615288,0.029420826723996138
5303284.293343075,5.303284293343074,0.029341540024166356
5330222.633383078,5.330222633383078,0.029267589881655558
5357297.808283125,5.357297808283125,0.029195214367431156
5384510.513103833,5.384510513103833,0.0291230092883996
5411861.446436407,5.411861446436407,0.029049427119530805
5439351.310420595,5.439351310420595,0.028975980495856958
5466980.81076268,5.46698081076268,0.028902510604962593
5494750.656753645,5.494750656753645,0.028828610011281352
5522661.561287353,5.522661561287353,0.028753938115210344
5550714.240878857,5.550714240878857,0.028681020811051013
5578909.415682765,5.578909415682764,0.02861342856976882
5607247.80951178,5.6072478095117795,0.02854505352255729
5635730.149855242,5.635730149855242,0.028476459696674155
5664357.167897828,5.664357167897828,0.02840803385486352
5693129.598538279,5.693129598538278,0.028339700180702247
5722048.180408326,5.722048180408326,0.028271138237138272
5751113.655891613,5.751113655891613,0.0282024820915716
5780326.771142775,5.780326771142775,0.02813232014074843
5809688.276106554,5.809688276106554,0.028061683523274348
5839198.924537107,5.839198924537107,0.027991227908724707
5868859.474017331,5.868859474017331,0.027920770399212386
5898670.685978279,5.89867068597828,0.027850296289378414
5928633.325718767,5.928633325718767,0.027783316700137988
5958748.162424979,5.958748162424978,0.02772058434030765
5989015.969190239,5.9890159691902385,0.02765799744966289
6019437.523034809,6.019437523034809,0.02759375822490426
6050013.604925903,6.050013604925902,0.027527944032677183
6080744.999797691,6.08074499979769,0.02746211097376267
6111632.496571476,6.111632496571476,0.027395955107482287
6142676.888175896,6.142676888175896,0.027329526856216455
6173878.971567352,6.173878971567352,0.02726293900990278
6205239.547750419,6.205239547750419,0.02719556796471776
6236759.421798431,6.236759421798431,0.027128191596923056
6268439.402874107,6.268439402874106,0.027060385854612713
6300280.3042503875,6.300280304250387,0.0269924979230106
6332282.94333127,6.332282943331269,0.026928265845237765
6364448.141672812,6.3644481416728125,0.02686569054024049
6396776.725004182,6.396776725004182,0.026802595548074425
6429269.523248919,6.429269523248919,0.02673906716767195
6461927.370546196,6.461927370546196,0.026675183708928678
6494751.105272256,6.494751105272256,0.02661061888207119
6527741.570061889,6.527741570061888,0.026546214460101095
6560899.61183013,6.56089961183013,0.026481970032055685
6594226.08179397,6.59422608179397,0.02641788518806175
6627721.83549417,6.62772183549417,0.02635302228393998
6661387.732817295,6.661387732817294,0.026287428016355155
6695224.638017743,6.695224638017742,0.026223972077386023
6729233.419739952,6.729233419739952,0.026164687145627016
6763414.951040657,6.763414951040657,0.026105088764032974
6797770.109411369,6.797770109411369,0.026044605316211805
6832299.776800856,6.8322997768008555,0.025984236147808884
6867004.8396378085,6.867004839637808,0.025924011751022706
6901886.188853548,6.901886188853547,0.025863699520609542
6936944.719904967,6.936944719904966,0.02580255701132558
6972181.332797472,6.972181332797472,0.025741194186065054
7007596.9321081145,7.007596932108114,0.025684941389055495
7043192.4270087555,7.043192427008755,0.025627776949429085
7078968.731289487,7.078968731289487,0.0255707034498977
7114926.763382039,7.114926763382039,0.02551339755225772
7151067.446383379,7.151067446383379,0.025455728413846683
7187391.708079365,7.187391708079365,0.025397911237388007
7223900.480968631,7.223900480968631,0.025339923594199353
7260594.70228648,7.26059470228648,0.02528131320086205
7297475.314028971,7.29747531402897,0.02522181548854773
7334543.262977046,7.3345432629770455,0.02516246270955335
7371799.500720915,7.371799500720915,0.025103254495992818
7409244.983684434,7.409244983684434,0.025044190480957195
7446880.67314968,7.446880673149679,0.024984738434356807
7484707.53528158,7.484707535281579,0.024932677549282235
7522726.541152792,7.5227265411527915,0.0248803561654877
7560938.666768593,7.5609386667685925,0.024827812462741967
7599344.893091895,7.599344893091894,0.024775082744926694
7637946.206068508,7.637946206068508,0.02472196810536218
7676743.5966524,7.6767435966524,0.024668490708321465
7715738.060831158,7.715738060831158,0.024614527978660813
7754930.599651506,7.754930599651506,0.02456062770252356
7794322.219245083,7.794322219245083,0.024506350693184173
7833913.930854219,7.8339139308542185,0.024452080601545
7873706.750857922,7.873706750857922,0.024397585168170817
7913701.700797914,7.913701700797914,0.02434291315911121
7953899.807404939,7.953899807404938,0.024289584403231167
7994302.102625066,7.994302102625066,0.02423977484358477
8034909.623646209,8.03490962364621,0.024188088107497938
8075723.412924693,8.075723412924692,0.024135860339675012
8116744.518212104,8.116744518212103,0.024083424679148924
8157973.99258213,8.15797399258213,0.02403032072773015
8199412.8944576215,8.199412894457621,0.023977139723315683
8241062.287637704,8.241062287637703,0.02392408183850324
8282923.24132518,8.28292324132518,0.023871146772315617
8324996.83015391,8.32499683015391,0.023818103526945356
8367284.134216439,8.367284134216439,0.023764095296744822
8409786.239091657,8.409786239091657,0.02370997460937441
8452504.23587276,8.45250423587276,0.02366096252989902
8495439.221195204,8.495439221195204,0.02361237914777821
8538592.297264876,8.538592297264875,0.023563456871668484
8581964.571886344,8.581964571886344,0.023514413754195048
8625557.158491373,8.625557158491373,0.023465059013297176
8669371.176167473,8.669371176167473,0.023415596528369685
8713407.749686578,8.713407749686578,0.023366118365971314
8757668.00953401,8.75766800953401,0.02331600321769443
8802153.091937443,8.802153091937443,0.023268147825532205
8846864.138896102,8.846864138896102,0.023223791780206962
8891802.298209995,8.891802298209994,0.023179277799749303
8936968.72350958,8.93696872350958,0.023134691260613443
8982364.574285086,8.982364574285086,0.02308992263988572
9027991.01591655,9.02799101591655,0.023043559403564784
9073849.219703596,9.073849219703595,0.02299610060897063
9119940.36289553,9.119940362895528,0.02294865764600406
9166265.628721561,9.166265628721561,0.022900428692257318
9212826.206421187,9.212826206421187,0.02285230525420799
9259623.291274711,9.25962329127471,0.022803819502902924
9306658.084633967,9.306658084633966,0.022755159449406773
9353931.793953024,9.353931793953024,0.022706609374039264
9401445.632819386,9.401445632819385,0.02266189368866741
9449200.82098501,9.44920082098501,0.02261972420801753
9497198.584397657,9.497198584397657,0.02257749977835645
9545440.155232353,9.545440155232352,0.02253529217200331
9593926.77192304,9.593926771923039,0.022492297868196388
9642659.679194344,9.642659679194344,0.02244933682947832
9691640.128093587,9.691640128093587,0.022405722509659314
9740869.376022752,9.740869376022752,0.02236198135638816
9790348.686770968,9.790348686770967,0.022318331898914412
9840079.330546824,9.840079330546823,0.02227454830695607
9890062.584011007,9.890062584011007,0.022230641887894656
9940299.730309071,9.940299730309071,0.02218682935783046
9990792.059104389,9.990792059104388,0.022143110495119665
10041540.866611283,10.041540866611284,0.02210112450920448
10092547.455628172,10.092547455628171,0.02205971516225
10143813.135571212,10.143813135571211,0.022017975161913256
10195339.222507788,10.195339222507787,0.02197564468518536
10247127.039190318,10.247127039190318,0.021933319978990548
10299177.915090224,10.299177915090223,0.02189108380647382
10351493.18643205,10.35149318643205,0.021848935962862283
10404074.196227774,10.404074196227773,0.02180656726598676
10456922.294311317,10.456922294311315,0.021763884105892785
10510038.837373044,10.510038837373044,0.021720705646012813
10563425.188994827,10.563425188994826,0.021677321882544502
10617082.719684888,10.617082719684888,0.021636096867600953
10671012.806913028,10.671012806913026,0.02159739872197005
10725216.83514598,10.72521683514598,0.021558777415759445
10779696.195882965,10.779696195882964,0.021519807665961635
10834452.2876914,10.834452287691398,0.021480903273217448
10889486.516242841,10.88948651624284,0.021441818459806826
10944800.29434893,10.944800294348928,0.021402572579415358
11000395.041997867,11.000395041997866,0.021363388797497083
11056272.186390743,11.056272186390743,0.021321905754405644
11112433.161978185,11.112433161978185,0.021284989418970505
11168879.410497207,11.168879410497206,0.021248443320268675
11225612.381008202,11.225612381008201,0.02121196719710857
11282633.529932152,11.282633529932152,0.021175160663364827
11339944.321088053,11.339944321088053,0.021138371691712645
11397546.225730335,11.397546225730334,0.021101392853199914
11455440.722586872,11.455440722586872,0.021064353409899695
11513629.297896776,11.513629297896776,0.02102660467853441
11572113.445448605,11.572113445448604,0.020988494107695065
11630894.666618697,11.630894666618698,0.02095046041345268
11689974.47040972,11.68997447040972,0.020912503419280266
11749354.373489449,11.749354373489448,0.02087462294910917
11809035.900229536,11.809035900229535,0.02083767016473949
11869020.582744895,11.869020582744893,0.02080532902518768
11929309.960932862,11.929309960932862,0.020772857351126543
11989905.58251277,11.989905582512769,0.02074037355824735
12050809.003065685,12.050809003065684,0.0207061995242915
12112021.786074337,12.112021786074337,0.020671753018142152
12173545.502963252,12.173545502963252,0.020637221090864927
12235381.733139152,12.235381733139151,0.020602518356925337
12297532.064031303,12.297532064031302,0.020567467945941546
12359998.091132551,12.359998091132551,0.02053239532872592
12422781.418040095,12.422781418040094,0.02049724403492937
12485883.656496696,12.485883656496696,0.02046182340447059
12549306.426432054,12.549306426432054,0.020426471669421294
12613051.356004404,12.613051356004403,0.020392590474882764
12677120.081642298,12.677120081642297,0.02036108641804653
12741514.248086669,12.741514248086668,0.020329639008901182
12806235.508432869,12.806235508432868,0.020298248125720952
12871285.524173386,12.871285524173386,0.02026664999178283
12936665.965240303,12.936665965240303,0.020234693284930997
13002378.510048226,13.002378510048224,0.02020268065056036
13068424.845537357,13.068424845537356,0.020168476366457785
13134806.667216817,13.134806667216816,0.02013433824207521
13201525.679208208,13.201525679208208,0.02010026612728525
13268583.594289172,13.268583594289172,0.020066259872353307
13335982.133937651,13.33598213393765,0.020032374086819127
13403723.028375885,13.403723028375884,0.02000236561292712
13471808.016614873,13.471808016614872,0.019972381298763706
13540238.84649903,13.54023884649903,0.019941959369626547
13609017.274751041,13.609017274751041,0.019911462205146058
13678145.06701697,13.67814506701697,0.019880822825978268
13747623.99791163,13.74762399791163,0.019850013836423812
13817455.851063946,13.817455851063945,0.019819260950775915
13887642.419163037,13.887642419163036,0.019788564045578456
13958185.504004037,13.958185504004037,0.01975997461308322
14029086.91653441,14.02908691653441,0.019732899991095
14100348.47690043,14.10034847690043,0.019704705514700296
14171972.014493905,14.171972014493905,0.019676307104602265
14243959.367999151,14.243959367999151,0.019647897271616546
14316312.385440236,14.316312385440236,0.019619375196692358
14389032.92422822,14.389032924228218,0.019590636920377394
14462122.851209141,14.462122851209141,0.019561948718249508
14535584.042711746,14.535584042711745,0.019533310483518012
14609418.384595696,14.609418384595696,0.019504394520364576
14683627.772299986,14.683627772299985,0.019475120284327303
14758214.110891605,14.758214110891604,0.019445792390267842
14833179.315114442,14.833179315114442,0.019416463261692885
14908525.309438488,14.908525309438486,0.019390722396601348
14984254.028109035,14.984254028109033,0.019366491340707333
15060367.41519664,15.06036741519664,0.019340946866570365
15136867.424646832,15.136867424646832,0.019314998988794838
15213756.020330317,15.213756020330317,0.019288876094039863
15291035.176093398,15.291035176093397,0.01926279732981215
15368706.87580864,15.36870687580864,0.019236762600695744
15446773.113425864,15.446773113425863,0.01921064288950264
15525235.893023105,15.525235893023105,0.019184161219704468
15604097.228858398,15.604097228858398,0.01915772446602548
15683359.145421263,15.683359145421262,0.01913133253212303
15763023.677484727,15.763023677484727,0.019104985321900362
15843092.87015757,15.84309287015757,0.01907865267302665
15923568.778936818,15.923568778936817,0.019055496409863572
16004453.469760517,16.004453469760517,0.019032479435006612
16085749.019060813,16.085749019060813,0.01900711309328753
16167457.51381705,16.167457513817048,0.018981728734371612
16249581.051609665,16.249581051609663,0.018956386700275968
16332121.740673829,16.332121740673827,0.018931086900533575
16415081.69995361,16.41508169995361,0.018905829244908377
16498463.059156375,16.498463059156375,0.018880585440479564
16582267.958807465,16.582267958807464,0.01885481828263502
16666498.550305145,16.666498550305143,0.018828921493492634
16751156.99597589,16.75115699597589,0.018803028420765887
16836245.469129656,16.836245469129654,0.01877905403462181
16921766.154116035,16.921766154116035,0.01875666471910032
17007721.24638009,17.00772124638009,0.018734285336977394
17094112.95251878,17.094112952518778,0.01871170700961408
17180943.490337584,17.180943490337583,0.018689165189572355
17268215.088907473,17.26821508890747,0.018666659796884626
17355929.98862216,17.355929988622158,0.018643897332990836
17444090.441255387,17.444090441255387,0.018621114510242
17532698.710019104,17.532698710019105,0.01859843112963684
17621757.069621306,17.621757069621307,0.01857922450146794
17711267.806324497,17.711267806324496,0.018560046393053586
17801233.218004398,17.8012332180044,0.018540881320006832
17891655.61420891,17.89165561420891,0.018521615298023812
17982537.31621742,17.982537316217417,0.018502378416908726
18073880.657100454,18.073880657100453,0.018480875636044967
18165687.98177931,18.16568798177931,0.018458836590913897
18257961.647086646,18.257961647086645,0.01843664861138499
18350704.02182672,18.350704021826722,0.01841433537457663
18443917.486836273,18.443917486836273,0.018392057889063018
18537604.435045637,18.537604435045637,0.018369816077682476
18631767.271540184,18.631767271540184,0.018347583825647645
18726408.41362204,18.72640841362204,0.01832628163350022
18821530.290872242,18.821530290872243,0.018308104349188278
18917135.34521281,18.91713534521281,0.01828985022648199
19013226.03096986,19.013226030969857,0.018271601101871576
19109804.81493632,19.10980481493632,0.01825321034474848
19206874.176435355,19.206874176435353,0.018234720140750314
19304436.607383974,19.304436607383973,0.01821625737247923
19402494.61235704,19.40249461235704,0.01819782198164936
19501050.708651535,19.501050708651533,0.01817941391012286
19600107.42635128,19.60010742635128,0.01816103309990951
19699667.308391586,19.699667308391586,0.01814247046615029
19799732.910624966,19.799732910624964,0.0181235191119586
19900306.801886458,19.900306801886458,0.018104561582971808
20001391.56405965,20.00139156405965,0.01808725580567536
20102989.792142957,20.102989792142957,0.018069619020723463
20205104.09431624,20.20510409431624,0.018051816428066535
20307737.09200783,20.30773709200783,0.018034039960816102
20410891.419961546,20.410891419961544,0.018016289563477998
20514569.726304747,20.514569726304746,0.01799856518069884
20618774.672616042,20.61877467261604,0.01798074974156358
20723508.933993682,20.72350893399368,0.017962649137256093
20828775.19912424,20.828775199124237,0.017944463659307214
20934576.170351617,20.934576170351615,0.017926214223285754
21040914.563746434,21.040914563746433,0.017907992615926918
21147793.109175827,21.147793109175826,0.01789007090769563
21255214.55037322,21.255214550373218,0.017874888002833957
21363181.645009216,21.363181645009217,0.017859726781207647
21471697.164762095,21.471697164762094,0.017844516989656778
21580763.89538903,21.58076389538903,0.017829207068465223
21690384.63679762,21.69038463679762,0.01781391972865348
21800562.20311775,21.80056220311775,0.017798540666963594
21911299.422773838,21.911299422773837,0.01778309479604161
22022599.13855753,22.02259913855753,0.017767190676105195
22134464.207700364,22.134464207700365,0.01775156074421276
22246897.501947585,22.246897501947583,0.017737244863193256
22359901.90763155,22.35990190763155,0.01772283504654655
22473480.325745918,22.473480325745918,0.01770844557202475
22587635.672020104,22.587635672020102,0.017694076395624096
22702370.87699415,22.702370876994152,0.017679669554333796
22817688.886094023,22.81768888609402,0.017665070735463615
22933592.6597069,22.9335926597069,0.01765043210689633
23050085.17325768,23.050085173257678,0.01763562720701957
23167169.417284995,23.167169417284995,0.017620771342978195
23284848.39751812,23.284848397518118,0.01760593738863497
23403125.13495409,23.40312513495409,0.01759112529424908
23522002.665935274,23.522002665935272,0.017576230967965234
23641484.042227313,23.64148404222731,0.017564404641521904
23761572.331097562,23.76157233109756,0.017553270467255768
23882270.615393482,23.88227061539348,0.01754215189862531
24003581.993622284,24.003581993622284,0.017530987006730645
24125509.58003015,24.12550958003015,0.017517799583431103
24248056.504682247,24.248056504682246,0.017504533995833682
24371225.913543098,24.371225913543096,0.017491110346886142
24495020.96855733,24.49502096855733,0.017477634757107428
24619444.847730856,24.619444847730854,0.017464157540437907
24744500.745212533,24.74450074521253,0.017450699540997632
24870191.87137583,24.870191871375827,0.0174371566357992
24996521.452901747,24.996521452901746,0.017423612942207855
25123492.732861314,25.123492732861312,0.017410191088900028
25251108.970798936,25.251108970798935,0.017399552227352635
25379373.442816053,25.37937344281605,0.017388833020814634
25508289.441655252,25.50828944165525,0.017378129111339617
25637860.2767848,25.6378602767848,0.01736739113315126
25768089.274483692,25.768089274483692,0.01735662817964181
25898979.777926676,25.898979777926673,0.017345856716397694
26030535.147270624,26.030535147270623,0.017334631834454446
26162758.759740423,26.162758759740424,0.017321961989609513
26295654.00971578,26.29565400971578,0.017309310245453898
26429224.30881834,26.429224308818338,0.017296676561110308
26563473.08599928,26.56347308599928,0.01728406089580685
26698403.78762744,26.698403787627438,0.017273240510009166
26834019.877577387,26.834019877577386,0.01726328020594535
26970324.837318935,26.970324837318934,0.017253331216958146
27107322.166006133,27.10732216600613,0.01724336743432712
27245015.38056718,27.24501538056718,0.017233343407114785
27383408.01579472,27.383408015794718,0.017223191562052705
27522503.624436576,27.522503624436574,0.01721305455198972
27662305.77728697,27.662305777286967,0.01720287126468846
27802818.06327826,27.80281806327826,0.01719313334842954
27944044.08957272,27.94404408957272,0.017185840094001644
28085987.481655695,28.085987481655692,0.017177454532983333
28228651.883428298,28.228651883428295,0.017168366199710506
28372040.957301054,28.372040957301053,0.017159227907952324
28516158.384287905,28.516158384287905,0.017150089550184038
28661007.86410073,28.66100786410073,0.017140782226091684
28806593.11524429,28.80659311524429,0.017131488446999688
28952917.875111833,28.952917875111833,0.01712214957621973
29099985.900080584,29.099985900080583,0.017112807320256045
29247800.965608824,29.24780096560882,0.017103456026129657
29396366.866332382,29.396366866332382,0.017094095394568475
29545687.416162167,29.545687416162167,0.017084679655477504
29695766.44838207,29.695766448382066,0.01707641941212291
29846607.815747358,29.846607815747358,0.017070294925252825
29998215.390583716,29.998215390583717,0.01706418037069991
30150593.0648862,30.1505930648862,0.0170547942416622
30303744.750419803,30.303744750419803,0.017045325563152976
30457674.378819447,30.457674378819444,0.0170358465099148
30612385.901691027,30.612385901691027,0.017026228682546014
30767883.29071284,30.767883290712838,0.017016593884079584
30924170.537737567,30.924170537737567,0.01700696300369465
31081251.65489472,31.081251654894718,0.016997275182027254
31239130.67469378,31.239130674693776,0.016987569324416033
31397811.65012725,31.39781165012725,0.01697784079794363
31557298.65477539,31.557298654775387,0.016968125457027666
31717595.782910313,31.717595782910312,0.01695990517524086
31878707.149601255,31.878707149601254,0.016952727718269736
32040636.89082016,32.04063689082016,0.016945513821458834
32203389.163547892,32.20338916354789,0.016938294212162683
32366968.145880938,32.36696814588094,0.016931084899262677
32531378.037138786,32.531378037138786,0.016923730208664958
32696623.05797126,32.69662305797126,0.016916359324034295
32862707.45046757,32.86270745046757,0.01690899951449714
33029635.478264753,33.02963547826475,0.01690163037833628
33197411.426657222,33.19741142665722,0.016894225625676388
33366039.60270681,33.366039602706806,0.01688681622063509
33535524.3353533,33.5355243353533,0.016879946359179384
33705869.975525595,33.705869975525594,0.01687487431000206
33877080.89625351,33.87708089625351,0.01686981116477544
34049161.49277955,34.049161492779554,0.01686474343504928
34222116.18267247,34.22211618267247,0.016859644519756353
34395949.405940205,34.3959494059402,0.016854492719985598
34570665.625143975,34.570665625143974,0.01684935018158505
34746269.32551282,34.74626932551282,0.01684309800068094
34922765.015058786,34.922765015058786,0.01683609668421169
35100157.224692725,35.10015722469272,0.016830836987088232
35278450.50834016,35.27845050834016,0.016826293287324615
35457649.44305891,35.457649443058905,0.016821757601682488
35637758.62915609,35.63775862915609,0.016817229913421307
35818782.690306365,35.818782690306364,0.016812672645065353
36000726.2736706,36.000726273670594,0.016807972619823065
36183594.05001519,36.18359405001519,0.016803281285085465
36367390.71383197,36.367390713831966,0.016798598621863874
36552120.98345884,36.552120983458835,0.016793919444367214
36737789.60120037,36.73778960120037,0.016789239043775772
36924401.333450355,36.924401333450355,0.016784564085416374
37111960.97081361,37.111960970813605,0.016779897724891014
37300473.328229114,37.30047332822911,0.01677522055359223
37489943.24509362,37.48994324509362,0.01677308775374171
37680375.58538585,37.68037558538585,0.01677118503289659
37871775.23779143,37.871775237791425,0.016769289373154483
38064147.115828425,38.064147115828426,0.01676741010898074
38257496.15797305,38.25749615797305,0.016765556806932903
38451827.327787176,38.45182732778717,0.01676371854075409
38647145.61404523,38.64714561404523,0.016761864841732733
38843456.03086243,38.84345603086243,0.016759881191590928
39040763.617823474,39.04076361782347,0.0167579069367374
39239073.440111905,39.2390734401119,0.016755961896815438
39438390.58864034,39.43839058864034,0.016754031959446723
39638720.18018052,39.63872018018052,0.016752119879141755
39840067.35749556,39.840067357495556,0.0167505521266605
40042437.28947142,40.042437289471415,0.016750092133665764
40245835.17124968,40.24583517124968,0.016746355092871937
40450266.22436096,40.45026622436096,0.016742625238156686
40655735.69685895,40.65573569685895,0.016738901047887302
40862248.86345514,40.862248863455136,0.016735182075401228
41069811.02565434,41.06981102565434,0.016731468834065497
41278427.511890255,41.27842751189025,0.016727762805636825
41488103.677663095,41.48810367766309,0.016724063975277016
41698844.905676514,41.69884490567651,0.016720372328178364
41910656.6059759,41.9106566059759,0.01671668465984095
42123544.21608731,42.12354421608731,0.01671297247687037
42337513.201157,42.337513201157,0.016710762802238332
42552569.05409178,42.55256905409178,0.01670900225039573
42768717.29570012,42.768717295700114,0.016707248154488194
42985963.474833325,42.98596347483332,0.016705502132620367
43204313.168528855,43.204313168528856,0.016703784829406754
43423771.98215292,43.423771982152914,0.016702077783864712
43644345.54954449,43.64434554954449,0.016700377151104825
43866039.533159964,43.86603953315996,0.01669867930688065
44088859.62421851,44.08885962421851,0.016697470276393036
44312811.54284817,44.312811542848166,0.016697854305753608
44537901.03823288,44.537901038232874,0.01669824418558951
44764133.88875939,44.76413388875939,0.016698345275368634
44991515.9021666,44.9915159021666,0.016697193719520484
45220052.91569399,45.22005291569399,0.016696052086334887
45449750.79623163,45.449750796231626,0.016694938208864783
45680615.4404708,45.680615440470795,0.016693830378987508
45912652.77505538,45.91265277505538,0.016692730288377568
46145868.75673412,46.14586875673412,0.01669165499151072
46380269.372512944,46.38026937251294,0.01669060411973857
46615860.63980962,46.61586063980962,0.01668955602651624
46852648.60660756,46.85264860660755,0.016688417151548285
47090639.35161126,47.09063935161125,0.01668844015343951
47329838.984402336,47.329838984402336,0.01668971909804561
47570253.64559642,47.570253645596424,0.01669100383586829
47811889.507000715,47.811889507000714,0.016692335643069014
48054752.77177266,48.054752771772655,0.01669369238139336
48298849.67457848,48.29884967457848,0.016695054922272506
48544186.48175427,48.544186481754274,0.016696451054851347
48790769.49146617,48.79076949146617,0.016697870115801955
49038605.033872195,49.038605033872194,0.016699358579589266
49287699.4712848,49.287699471284796,0.016700853962657206
49538059.19833415,49.538059198334146,0.01670235517025622
49789690.64213231,49.78969064213231,0.01670375013489141
50042600.262438424,50.04260026243842,0.01670447524814949
50296794.55182381,50.29679455182381,0.016703259064328627
50552280.03583972,50.55228003583972,0.01670264364021789
50809063.273184136,50.80906327318414,0.01670204813293295
51067150.85587033,51.067150855870324,0.016701477625370616
51326549.40939609,51.32654940939609,0.016700911984627448
51587265.5929138,51.587265592913795,0.016700351202944844
51849306.099401586,51.84930609940158,0.016699747912478063
52112677.655834384,52.11267765583438,0.016699121056473414
52377387.02335775,52.37738702335775,0.016698507009622353
52643440.99746067,52.643440997460665,0.01669791548560341
52910846.40815023,52.91084640815023,0.01669732915968405
53179610.12012693,53.17961012012693,0.016697352007891828
53449739.03296091,53.449739032960906,0.016698539226878157
53721240.08126906,53.72124008126906,0.01669973123246353
53994120.234893285,53.99412023489328,0.016700904464132714
54268386.499078594,54.268386499078595,0.016702071743460885
54544045.91465414,54.54404591465414,0.016703276742897375
54821105.5582132,54.8211055582132,0.016704468509862375
55099572.54229498,55.09957254229498,0.016705506117440837
55379454.015567265,55.37945401556726,0.016706567817134022
55660757.163009904,55.660757163009905,0.016709132019148355
55943489.20609927,55.94348920609927,0.016712037054330702
56227657.40299386,56.227657402993856,0.01671488313365887
56513269.04871977,56.51326904871977,0.016717751410327403
56800331.47535924,56.800331475359236,0.016720681706486756
57088852.052238025,57.088852052238025,0.016723628039174942
57378838.18611482,57.37883818611481,0.016726616013664236
57670297.32137135,57.67029732137134,0.01672965770569278
57963236.94020353,57.96323694020353,0.016732704670644204
58257664.56281352,58.25766456281352,0.016735677839534554
58553587.74760299,58.55358774760299,0.01673865257774147
58851014.09136632,58.85101409136632,0.016741701785369798
59149951.229486875,59.149951229486874,0.016744843710535237
59450406.83613218,59.45040683613218,0.016750005993159973
59752388.62445116,59.75238862445116,0.01675520189705386
60055904.3467721,60.055904346772095,0.01675961794744653
60360961.79480169,60.36096179480169,0.01676056781614779
60667568.79982527,60.66756879982527,0.016761523634552054
60975733.23290702,60.97573323290702,0.01676251558702232
61285463.005093254,61.28546300509325,0.01676351416914596
61596766.067614704,61.5967660676147,0.01676455608792644
61909650.41209086,61.909650412090855,0.016765610455200093
62224124.07073508,62.22412407073508,0.01676666899883035
62540195.116560824,62.540195116560824,0.01676773171369008
62857871.6635889,62.857871663588895,0.016768836485736877
63177161.86705597,63.177161867055965,0.016770376245931227
63498073.92362302,63.49807392362302,0.016773189148184382
63820616.07158712,63.82061607158712,0.01677602440949695
64144796.59109205,64.14479659109205,0.016778791636862828
64470623.804341026,64.47062380434102,0.01678156328308645
64798106.0758104,64.7981060758104,0.01678435123375317
65127251.81246435,65.12725181246435,0.01678723958249477
65458069.463970736,65.45806946397073,0.016790132408106395
65790567.52291821,65.79056752291821,0.016793029707044146
66124754.525033325,66.12475452503332,0.016795931475770014
66460639.04940106,66.46063904940105,0.016798863875258745
66798229.71868412,66.79822971868411,0.016801847971281005
67137535.19934452,67.13753519934451,0.01680614096852767
67478564.20186606,67.47856420186606,0.016810657617624694
67821325.48097798,67.82132548097798,0.01681514754775356
68165827.83587988,68.16582783587988,0.01681964243916842
68512080.11046669,68.51208011046668,0.01682414228994063
68860091.19355716,68.86009119355715,0.016828697497344034
69209870.01912107,69.20987001912107,0.016833300682730146
69561425.56650876,69.56142556650875,0.016836341658857834
69914766.86068179,69.91476686068178,0.016839555886807165
70269902.97244446,70.26990297244446,0.01684374877736075
70626843.01867679,70.62684301867678,0.016847942651753853
70985596.16256875,70.98559616256874,0.01685218848571
71346171.61385451,71.34617161385451,0.01685643030417799
71708578.6290504,71.70857862905041,0.016860676610814952
72072826.5116915,72.07282651169149,0.016864927403869467
72438924.6125707,72.4389246125707,0.016869221367083957
72806882.32997882,72.80688232997882,0.016873574239655808
73176709.10994585,73.17670910994585,0.016877954767729863
73548414.4464834,73.5484144464834,0.016882378566025327
73922007.88182876,73.92200788182875,0.016886783526304013
74297499.00668876,74.29749900668875,0.016891214732342626
74674897.46048757,74.67489746048757,0.01689670551111522
75054212.93161315,75.05421293161315,0.016902934304152142
75435455.15766612,75.43545515766611,0.01690916847323594
75818633.92570984,75.81863392570985,0.016915447098059318
76203759.07252166,76.20375907252165,0.01692179784766599
76590840.48484536,76.59084048484536,0.01692816086388518
76979888.0996453,76.9798880996453,0.016934533778615198
77370911.90436041,77.37091190436041,0.016940991904113238
77763921.9371622,77.76392193716221,0.016947455773852656
78158928.28721142,78.15892828721141,0.01695392538814531
78555941.09491725,78.55594109491724,0.01696040074730602
78954970.5521977,78.9549705521977,0.01696698170260264
79356026.90274118,79.35602690274118,0.01697355585674704
79759120.44226983,79.75912044226983,0.01698135400687049
80164261.51880266,80.16426151880266,0.016987769115059243
80571460.53292286,80.57146053292286,0.016991708528022863
80980727.93804374,80.98072793804374,0.016995651586461904
81392074.24067728,81.39207424067727,0.016999600873053078
81805510.00070395,81.80551000070395,0.017003661472182702
82221045.83164369,82.22104583164368,0.017007725791359913
82638692.4009285,82.63869240092849,0.017011793829397392
83058460.43017644,83.05846043017644,0.017015865585110194
83480360.6954658,83.4803606954658,0.017019941057315708
83904404.0276135,83.9044040276135,0.017024063598733742
84330601.31245188,84.33060131245188,0.017028744395067692
84758963.49110852,84.75896349110852,0.017034176832345663
85189501.56028707,85.18950156028707,0.017039638646642014
85622226.5725496,85.6222265725496,0.017045104777106204
86057149.6366003,86.0571496366003,0.017050575223695442
86494281.91757096,86.49428191757096,0.01705606626542672
86933634.6373064,86.9336346373064,0.0170616509031649
87375219.0746544,87.3752190746544,0.01706722376011771
87819046.56575392,87.81904656575392,0.017072834010584327
88265128.50432655,88.26512850432655,0.01707964590404184
88713476.34196895,88.71347634196896,0.01708660996834419
89164101.58844681,89.16410158844681,0.0170935924539531
89617015.81199066,89.61701581199065,0.017100016551206514
90072230.63959159,90.07223063959158,0.01710553546083502
90529757.7573016,90.5297577573016,0.017111051161995666
90989608.91053236,90.98960891053235,0.017116618374913007
91451795.90435705,91.45179590435704,0.017122202693364643
91916330.60381338,91.91633060381338,0.0171278852823179
92383224.93420824,92.38322493420824,0.017133572174996576
92852490.88142377,92.85249088142376,0.017139263371594774
93324140.49222545,93.32414049222545,0.017144958872308255
93798185.87457001,93.79818587457001,0.01715092037577608
94274639.19791822,94.27463919791822,0.017158189792723936
94753512.69354603,94.75351269354603,0.017165432882405032
95234818.65485883,95.23481865485883,0.017172716711631914
95718569.4377071,95.71856943770709,0.017180065149629466
96204777.4607036,96.2047774607036,0.017187432763106743
96693455.20554209,96.69345520554208,0.017194922847778564
97184615.21731822,97.18461521731821,0.01720241836027247
97678270.10485014,97.67827010485014,0.01720991930242134
98174432.54100421,98.17443254100421,0.017217425676059966
98673115.26301907,98.67311526301907,0.017225022358602033
99174331.07283285,99.17433107283284,0.017232667918030273
99678092.83741191,99.67809283741191,0.017240305966122135
100184413.48908105,100.18441348908105,0.017246685504858486
100693306.02585563,100.69330602585562,0.017250856412468155
101204783.51177552,101.20478351177552,0.017255037954448004
101718859.07723904,101.71885907723903,0.017259300730823775
102235545.91934222,102.23554591934221,0.017263566300874486
102754857.30221614,102.75485730221614,0.017267834664395455
103276806.55736785,103.27680655736785,0.01727210137486658
103801407.08402248,103.80140708402247,0.017276380566705562
104328672.34946735,104.32867234946735,0.01728069904514262
104858615.88939802,104.85861588939802,0.017285064052928484
105391251.30826429,105.39125130826429,0.017289440154389418
105926592.27962163,105.92659227962163,0.01729384398713176
106464652.54648079,106.46465254648078,0.017299347550431846
107005445.92166093,107.00544592166092,0.017304854473648202
107548986.28814423,107.54898628814422,0.01731036164935857
108095287.59943227,108.09528759943227,0.017315852751895844
108644363.87990427,108.64436387990426,0.01732142354195934
109196229.22517747,109.19622922517746,0.01732704299877558
109750897.80246745,109.75089780246745,0.017332673677884675
110308383.85095415,110.30838385095414,0.01733833826066497
110868701.68214588,110.86870168214587,0.017344468116615
111431865.68024704,111.43186568024703,0.017351019408481293
111997890.30252749,111.99789030252748,0.017357560715190522
112566790.0796936,112.56679007969359,0.01736410064232091
113138579.61626129,113.13857961626128,0.017370729123045277
113713273.59093139,113.71327359093138,0.01737739406368809
114290886.75696482,114.29088675696481,0.017384074211934095
114871433.94256379,114.87143394256378,0.017390866771206263
115454930.05125076,115.45493005125076,0.017397663587857454
116041390.06225154,116.04139006225154,0.017404447369004778
116630829.03087977,116.63082903087977,0.017411224666412168
117223262.08892342,117.22326208892342,0.01741806368978557
117818704.44503371,117.8187044450337,0.017424966724416638
118417171.3851138,118.4171713851138,0.01743275484836483
119018678.27271374,119.01867827271373,0.017441009972126977
119623240.54942317,119.62324054942317,0.017449270178360378
120230873.73526827,120.23087373526826,0.017457526130126397
120841593.42911,120.84159342911,0.017465781846572888
121455415.3090447,121.4554153090447,0.017474137545231996
122072355.13280647,122.07235513280646,0.01748254264584947
122692428.7381722,122.6924287381722,0.017490201755323252
123315652.04336636,123.31565204336636,0.017496457375884674
123942041.04747227,123.94204104747226,0.017502716551937206
124571611.83084111,124.5716118308411,0.017508979284516675
125204380.5555051,125.2043805555051,0.017515245574659673
125840363.46559246,125.84036346559245,0.01752159969554573
126479576.8877444,126.47957688774439,0.017528988768989087
127122037.23153426,127.12203723153425,0.01753646912535694
127767760.98988919,127.76776098988918,0.01754394846586794
128416764.73951177,128.41676473951176,0.017551429750027228
129069065.1413083,129.0690651413083,0.01755884556170005
129724678.94081457,129.72467894081456,0.017566117202902236
130383622.96862638,130.38362296862638,0.017573411421524052
131045914.14083149,131.04591414083148,0.017580815697728965
131711569.45944391,131.7115694594439,0.0175882243753469
132380606.01284035,132.38060601284033,0.017595637456176722
133053040.97619939,133.05304097619938,0.0176030549420184
133728891.61194055,133.72889161194055,0.017611049948738525
134408175.27017018,134.40817527017018,0.0176194943835167
135090909.38912508,135.09090938912507,0.01762793267524751
135777111.49562052,135.77711149562052,0.017636374785543016
136466799.20550027,136.46679920550028,0.017644900847006224
137159990.22408885,137.15999022408883,0.017653480332357897
137856702.34664643,137.85670234664641,0.017662098184311397
138556953.45882377,138.55695345882376,0.01767078320406293
139260761.53712434,139.26076153712432,0.017679510116258706
139968144.64936376,139.96814464936375,0.017689174436381325
140679120.9551342,140.6791209551342,0.017698842497450837
141393708.70627055,141.39370870627053,0.01770860026461959
142111926.24731892,142.1119262473189,0.017718380229507155
142833792.0160076,142.8337920160076,0.01772818575659678
143559324.54372093,143.55932454372092,0.01773809023006721
144288542.45597294,144.28854245597293,0.01774800126971031
145021464.4728886,145.0214644728886,0.017758060293131858
145758109.40968224,145.75810940968225,0.01776814190928833
146498496.17714128,146.49849617714128,0.017778230302119707
147242643.7821115,147.2426437821115,0.01778832356503773
147990571.3279851,147.9905713279851,0.01779846142966164
148742298.01519108,148.74229801519107,0.0178089569522866
149497843.14168856,149.49784314168855,0.01782028081066841
150257226.1034603,150.2572261034603,0.0178297704832852
151020466.3950136,151.02046639501359,0.01783570011588565
151787583.60987872,151.7875836098787,0.017841661811044456
152558597.4411124,152.5585974411124,0.01784762628329378
153333527.6818034,153.3335276818034,0.01785357982830333
154112394.2255806,154.1123942255806,0.017859541876338435
154895217.06712437,154.89521706712435,0.017865603723221355
155682016.3026774,155.6820163026774,0.017871682203697274
156472812.1305642,156.4728121305642,0.0178777956658722
157267624.85170725,157.26762485170724,0.017883960859333362
158066474.8701487,158.06647487014868,0.017890122012031905
158869382.69357428,158.86938269357427,0.01789671591594435
159676368.93383965,159.67636893383965,0.01790380861308214
160487454.30749962,160.4874543074996,0.017910950564643213
161302659.63634047,161.30265963634045,0.017918105025898006
162122005.8479123,162.1220058479123,0.017925366808130075
162945513.9760696,162.9455139760696,0.017932632247482476
163773205.16150892,163.7732051615089,0.01793990134553789
164605100.65231225,164.60510065231225,0.01794717410387978
165441221.80449247,165.44122180449247,0.01795452458012273
166281590.08254156,166.28159008254156,0.017961946643945476
167126227.05998155,167.12622705998155,0.01796936694418722
167975154.4199191,167.9751544199191,0.01797687312178942
168828393.9555997,168.8283939555997,0.017985104162759724
169685967.5709706,169.68596757097058,0.017993384435849746
170547897.28124088,170.54789728124086,0.018001669145479
171414205.21344712,171.4142052134471,0.018010061335378302
172284913.6070215,172.2849136070215,0.018018459254510923
173160044.81436267,173.16004481436266,0.018026861724222607
174039621.3014096,174.0396213014096,0.01803366707263834
174923665.64821887,174.92366564821887,0.018040404343727254
175812200.54954195,175.81220054954196,0.01804760895611157
176705248.81541145,176.70524881541144,0.01805517664811513
177602833.3717243,177.6028333717243,0.018062750536826655
178504977.26083076,178.50497726083074,0.01807040516945954
179411703.64212614,179.41170364212613,0.018078099814896005
180323035.79264516,180.32303579264516,0.018085792532079068
181238997.1076603,181.23899710766028,0.018093485231704412
182159611.10127968,182.15961110127967,0.01810124770645391
183084901.4070547,183.08490140705467,0.018109073808021868
184014891.77858403,184.01489177858403,0.018116948619945592
184949606.09012422,184.9496060901242,0.01812488239190522
185889068.33720243,185.88906833720242,0.018132820220825057
186833302.63723248,186.83330263723246,0.018140762108637597
187782333.230134,187.78233323013401,0.018149449600732774
188736184.47895542,188.7361844789554,0.018158381889329257
189694880.8704966,189.6948808704966,0.01816732465043727
190658447.01594156,190.65844701594156,0.018176309371809196
191626907.65148762,191.6269076514876,0.018185361056072165
192600287.638981,192.600287638981,0.018194432261790943
193578611.96655518,193.57861196655517,0.01820363658620102
194561905.74927217,194.56190574927217,0.018212846049652082
195550194.22976756,195.55019422976756,0.018222060654964654
196543502.77889895,196.54350277889895,0.018231280404960803
197541856.89639464,197.54185689639462,0.01824058798515449
198545282.2115124,198.5452822115124,0.01824996486277495
199553804.48369452,199.5538044836945,0.01825936559684499
200567449.60322997,200.56744960322996,0.018266827298251295
201586243.59191883,201.58624359191882,0.018272159823185675
202610212.60374054,202.61021260374054,0.018277558918660338
203639382.9255258,203.6393829255258,0.01828298098138024
204673780.97762877,204.67378097762875,0.018288405053857357
205713433.31460935,205.71343331460935,0.01829383113672284
206758366.6259122,206.75836662591217,0.018299270403135167
207808607.7365526,207.80860773655257,0.018304777131611875
208864183.607805,208.86418360780502,0.01831031236834227
209925121.33789527,209.92512133789526,0.018315878688256557
210991448.16269618,210.99144816269617,0.01832145516024862
212063191.45642754,212.06319145642755,0.018327501567135376
213140378.73235583,213.14037873235583,0.01833377247490793
214223037.64350498,214.22303764350497,0.018340045875178058
215311195.9833633,215.3111959833633,0.018346318320800834
216404881.68659782,216.4048816865978,0.01835264445365102
217504122.82977125,217.50412282977123,0.018359024858473648
218608947.63206285,218.60894763206284,0.01836543675066606
219719384.45599282,219.7193844559928,0.018371860995335932
220835461.80815125,220.83546180815122,0.01837842612217119
221957208.33992672,221.95720833992672,0.018385574930710573
223084652.84824657,223.08465284824658,0.018392726371634253
224217824.27631304,224.21782427631302,0.018399879317775283
225356751.71434695,225.35675171434693,0.01840708102616604
226501464.40033472,226.5014644003347,0.018414359070094234
227651991.7207787,227.65199172077868,0.018421643018559378
228808363.21145174,228.80836321145173,0.018429009440255016
229970608.5581562,229.9706085581562,0.018436417485656987
231138757.59748265,231.13875759748265,0.018443826900656064
232312840.3175809,232.3128403175809,0.018451238569352303
233492886.85892645,233.49288685892643,0.0184586643041038
234678927.51509508,234.67892751509507,0.018466194016078394
235870992.7335406,235.8709927335406,0.01847399584834477
237069113.1163763,237.0691131163763,0.018482331167892368
238273319.4211617,238.2733194211617,0.018490706290607457
239483642.56168845,239.48364256168844,0.01849908587351261
240700113.60877922,240.70011360877922,0.018507469815994992
241922763.7910818,241.92276379108176,0.01851588736181549
243151624.49587178,243.15162449587177,0.018524410732944682
244386727.26985818,244.38672726985817,0.018532939452638304
245628103.8199934,245.62810381999338,0.018540334726324607
246875786.01428714,246.87578601428714,0.018546748640739637
248129805.88262534,248.12980588262533,0.01855316504740173
249390195.61758903,249.39019561758903,0.018559583947247466
250656987.57528588,250.65698757528588,0.018566042058701732
251930214.27617747,251.93021427617745,0.018572940925360243
253209908.40591496,253.20990840591494,0.018580130225724776
254496102.81617808,254.49610281617808,0.018587322471263587
255788830.52551866,255.78883052551865,0.01859451748839995
257088124.72020817,257.08812472020816,0.01860171550419546
258394018.75509053,258.39401875509054,0.018609023478469097
259706546.15443483,259.7065461544348,0.018616344870625547
261025740.61280134,261.0257406128013,0.01862374265240988
262351635.99590293,262.35163599590294,0.018631184968902068
263684266.34147528,263.6842663414753,0.018638630486821017
265023665.86015075,265.02366586015074,0.018646079207540682
266369868.93633655,266.36986893633656,0.01865366388287851
267722910.12909847,267.72291012909847,0.018661767828231972
269082824.17304426,269.08282417304423,0.018669876098677003
270449645.97922087,270.44964597922086,0.018677989240348806
271823410.6360071,271.82341063600705,0.01868611496873091
273204153.41001505,273.204153410015,0.01869435268522838
274591909.7469958,274.5919097469958,0.018702594219257178
275986715.2727491,275.9867152727491,0.018710905899532202
277388605.79403806,277.388605794038,0.018719237683886714
278797617.2995092,278.7976172995092,0.018727986703027985
280213785.9606126,280.2137859606126,0.01873691869520891
281637148.1325361,281.6371481325361,0.01874588164174833
283067740.35513514,283.06774035513513,0.018754929535704283
284505599.3538713,284.5055993538713,0.01876398263750452
285950762.04075515,285.95076204075514,0.018773099871510972
287403265.5152942,287.4032655152942,0.01878226241557968
288863147.0654449,288.8631470654449,0.01879147479294314
290330444.16857105,290.33044416857103,0.01880078711039788
291805194.492402,291.805194492402,0.01881010419835521
293287435.8960054,293.2874358960054,0.018819426059284147
294777206.4307553,294.7772064307553,0.018828755392853617
296274544.34130985,296.2745443413098,0.0188381792550155
297779488.06659317,297.77948806659316,0.01884820623336844
299292076.24078214,299.29207624078214,0.018858326340702645
300812347.69429827,300.81234769429824,0.018865751364988134
302340341.4548054,302.34034145480535,0.0188708782469217
303876096.74820733,303.8760967482073,0.0188760066335805
305419652.9996616,305.4196529996616,0.018881136362575487
306971049.834587,306.97104983458695,0.0188862672358493
308530327.07968163,308.5303270796816,0.018891430538701494
310097524.763946,310.09752476394596,0.0188966599961919
311672683.11971,311.67268311971003,0.018901891016997432
313255842.5836673,313.2558425836673,0.018907170919015722
314847043.79790837,314.8470437979083,0.018912466859714264
316446327.6109714,316.44632761097137,0.01891783807297516
318053735.07888556,318.05373507888555,0.018923685131333433
319669307.46622664,319.6693074662266,0.0189295589861072
321293086.24717635,321.29308624717635,0.018935467363886786
322925113.1065868,322.9251131065868,0.01894141430862394
324565429.9410507,324.5654299410507,0.01894741503943514
326214078.8599781,326.2140788599781,0.01895341775754387
327871102.18667287,327.87110218667283,0.018959422463614005
329536542.45942587,329.53654245942585,0.01896542915830964
331210442.4326026,331.2104424326026,0.018971531822745774
332892845.0777419,332.8928450777419,0.0189776506323696
334583793.5846589,334.5837935846589,0.018983773424942313
336283331.3625541,336.28333136255407,0.018990264026878912
337991502.04112726,337.99150204112726,0.018996894035423595
339708349.4716992,339.70834947169914,0.01900354912388649
341433917.7283322,341.43391772833223,0.019010231463420554
343168251.1089693,343.16825110896923,0.01901697470654661
344911394.1365658,344.9113941365658,0.01902372040796413
346663391.56023437,346.66339156023434,0.01903043315965103
348424288.3563931,348.4242883563931,0.01903693834578662
350194129.7299206,350.19412972992063,0.019043578312755452
351972961.11531746,351.97296111531745,0.019050568610120514
353760828.17786765,353.7608281778676,0.01905760212152615
355557776.8148184,355.55777681481834,0.019064638318327803
357363853.1565534,357.3638531565534,0.019071774964929282
359179103.5677782,359.1791035677782,0.019078919433157444
361003574.6487109,361.00357464871087,0.019086069999083334
362837313.2362777,362.8373132362777,0.019093223335005856
364680366.4053159,364.68036640531585,0.019100468469151796
366532781.4697834,366.5327814697834,0.019107739875015767
368394605.98396826,368.39460598396823,0.01911507281767657
370265887.74371713,370.26588774371714,0.019122432800540753
372146674.78765714,372.1466747876571,0.01912979571461197
374037015.39843047,374.03701539843047,0.019137422988294493
375936958.1039337,375.93695810393365,0.019145358431056577
377846551.6785638,377.84655167856374,0.019153360882763926
379765845.1444699,379.7658451444699,0.01916136757242829
381694887.7728136,381.6948877728136,0.019169430253625056
383633729.085028,383.633729085028,0.019177531185455406
385582418.85409725,385.5824188540972,0.01918567678682775
387541007.1058289,387.54100710582884,0.01919390969937714
389509544.1201396,389.5095441201396,0.01920214621570262
391488080.4323456,391.4880804323456,0.019210386337396322
393476666.8344604,393.47666683446033,0.019218630066051092
395475354.3764982,395.4753543764982,0.019226977716257337
397484194.36778647,397.4841943677865,0.01923535907260384
399503238.3782769,399.5032383782769,0.019244064316446055
401532538.239878,401.53253823987797,0.01924996301664598
403572146.0477802,403.5721460477802,0.019254899190184235
405622114.16179425,405.62211416179423,0.019259907711158035
407682495.2076958,407.68249520769575,0.019264921283866393
409753342.0785761,409.75334207857605,0.019269936217439238
411834707.9362012,411.8347079362012,0.019274952512249283
413926646.21237147,413.92664621237145,0.019280002046353356
416029210.61030114,416.0292106103011,0.01928509712433441
418142455.1059919,418.14245510599187,0.019290228478017018
420266433.9496194,420.2664339496194,0.019295374085828643
422401201.66692644,422.4012016669264,0.019300664477408067
424546813.06062233,424.5468130606223,0.01930623822309986
426703323.21179,426.70332321179,0.019311813619945054
428870787.48130155,428.87078748130153,0.01931739066843767
431049261.5112329,431.0492615112329,0.01932297219920781
433238801.22630215,433.23880122630214,0.019328621800126036
435439462.8352985,435.43946283529846,0.01933431397363311
437651302.83252686,437.6513028325268,0.019340018222055253
439874377.99925846,439.87437799925846,0.019345743755258528
442108745.40518814,442.10874540518813,0.01935181914590797
444354462.40989965,444.3544624098996,0.01935797490542456
446611586.66433954,446.61158666433954,0.019364134759971893
448880176.112291,448.88017611229094,0.019370299587160085
451160288.9918708,451.1602889918708,0.01937653985494502
453451983.8370181,453.4519838370181,0.019382814054877965
455755319.47899836,455.75531947899833,0.01938909369550447
458070355.047914,458.070355047914,0.019395470547947925
460397149.9742223,460.39714997422226,0.01940184952916086
462735763.99026257,462.73576399026257,0.019408232732153436
465086257.13178295,465.08625713178293,0.019414621647702187
467448689.7394918,467.4486897394918,0.019421053235102816
469823122.4605998,469.82312246059973,0.019427548204302723
472209616.2503786,472.2096162503786,0.019434466024200844
474608232.373726,474.60823237372597,0.019441465797581353
477019032.406738,477.01903240673795,0.01944846810976897
479442078.23829025,479.4420782382902,0.019455480100281607
481877432.07162803,481.877432071628,0.019462496841750675
484325156.42595667,484.32515642595666,0.019469587821985348
486785314.1380564,486.7853141380564,0.01947671776258602
489257968.3638889,489.2579683638889,0.01948390081833218
491743182.5802202,491.7431825802202,0.019491141780403096
494241020.5862503,494.2410205862503,0.019498385452478898
496751546.50525075,496.7515465052507,0.01950563183557874
499274824.78621113,499.2748247862111,0.019512880930722187
501810920.2054952,501.81092020549517,0.019518251114998345
504359897.8684966,504.35989786849655,0.019523104388562272
506921823.21132094,506.92182321132094,0.0195279588922034
509496762.0024586,509.4967620024585,0.019532816230708072
512084780.3444747,512.0847803444747,0.01953767742121048
514685944.67570627,514.6859446757062,0.01954257615508139
517300321.7719677,517.3003217719677,0.019547520447421227
519927978.7482651,519.9279787482651,0.019552479600965407
522568983.0605208,522.5689830605208,0.01955750270925795
525223402.507298,525.2234025072979,0.01956252713309941
527891305.23155206,527.891305231552,0.019567552872837495
530572759.7223728,530.5727597223728,0.019572579928819965
533267834.81674397,533.267834816744,0.01957793617504469
535976599.7013112,535.9765997013111,0.01958335204052061
538699123.9141573,538.6991239141572,0.019588771858479213
541435477.3465902,541.4354773465901,0.019594195239324947
544185730.2449284,544.1857302449283,0.019599673786595318
546949953.212317,546.9499532123169,0.019605178163430718
549728217.2105315,549.7282172105314,0.019610706973075077
552520593.5618023,552.5205935618022,0.019616269446876285
555327153.9506446,555.3271539506446,0.01962195848811736
558147970.4257,558.1479704256999,0.019627869425062384
560983115.4015846,560.9831154015847,0.019633782151617145
563832661.6607513,563.8326616607513,0.019639757025633885
566696682.3553495,566.6966823553495,0.019645750036529363
569575251.009115,569.5752510091149,0.019651762957378614
572468441.51925,572.4684415192501,0.019657826176706313
575376328.1583216,575.3763281583216,0.019663891275964875
578298985.5761688,578.2989855761688,0.01967005261402156
581236488.8018187,581.2364888018187,0.019676215943073228
584188913.245413,584.1889132454129,0.01968238121365636
587156334.7001451,587.1563347001451,0.01968854842638494
590138829.3441986,590.1388293441986,0.019694757290353585
593136473.7427145,593.1364737427145,0.019701212514517154
596149344.8497492,596.1493448497491,0.019707854792505634
599177520.0102512,599.1775200102511,0.019714499313741227
602221076.9620473,602.2210769620473,0.019719121221145722
605280093.8378385,605.2800938378385,0.019722990920125336
608354649.167207,608.354649167207,0.019726861389750786
611444821.8786244,611.4448218786245,0.01973073427373082
614550691.3014903,614.5506913014902,0.019734619171415273
617672337.1681608,617.6723371681608,0.019738560251505954
620809839.6159966,620.8098396159966,0.01974250650616397
623963279.1894213,623.9632791894213,0.019746479293513898
627132736.8419882,627.1327368419882,0.01975047393936045
630318293.9384589,630.3182939384589,0.019754469760473348
633520032.2568946,633.5200322568945,0.01975872545627813
636738033.9907458,636.7380339907457,0.01976305596471853
639972381.7509763,639.9723817509763,0.019767418901940892
643223158.5681747,643.2231585681747,0.019771798300872175
646490447.8946885,646.4904478946885,0.019776227308401235
649774333.6067661,649.774333606766,0.019780657314110703
653074900.0067102,653.0749000067101,0.01978508831822652
656392231.8250418,656.3922318250418,0.01978952032097467
659726414.2226781,659.726414222678,0.019794009498919705
663077532.7931088,663.0775327931088,0.01979852411903185
666445673.5646082,666.4456735646082,0.01980303999067239
669830923.0024332,669.8309230024331,0.019807683264993176
673233368.0110464,673.2333680110464,0.019812499815530592
676653095.9363467,676.6530959363466,0.019817336254645768
680090194.5679113,680.0901945679112,0.019822187651122695
683544752.1412498,683.5447521412498,0.019827094732696365
687016857.3400717,687.0168573400716,0.019832003032003855
690506599.2985531,690.506599298553,0.019836912549347937
694014067.6036396,694.0140676036395,0.019841769995048268
697539352.2973365,697.5393522973364,0.01984653586003074
701082543.8790228,701.0825438790228,0.019851543056203576
704643733.3077742,704.6437333077741,0.019856602217447304
708223012.0046983,708.2230120046983,0.01986166267192274
711820471.8552842,711.8204718552842,0.01986679764747721
715436205.2117509,715.4362052117508,0.01987194015839306
719070304.8954333,719.0703048954333,0.0198770874825651
722722864.1991557,722.7228641991557,0.01988224041761493
726393976.8896282,726.3939768896281,0.019887438556167543
730083737.2098542,730.0837372098542,0.019892710452678476
733792239.8815507,733.7922398815506,0.019897983751247416
737519580.1075782,737.5195801075781,0.01990325845224821
741265853.5743889,741.2658535743889,0.019908534556054763
745031156.4544717,745.0311564544717,0.01991385783572932
748815585.4088373,748.8155854088373,0.01991950044425815
752619237.589489,752.619237589489,0.019925152827820012
756442210.641919,756.442210641919,0.019930859298823864
760284602.707616,760.2846027076159,0.019936611027726148
764146512.4265834,764.1465124265834,0.019942364417561066
768028038.9398727,768.0280389398727,0.01994811946880852
771929281.892131,771.9292818921309,0.019953876181948556
775850341.4341472,775.8503414341473,0.019959761916898543
779791318.2254411,779.791318225441,0.01996565503918497
783752313.4368348,783.7523134368348,0.019971549903066974
787733428.753054,787.733428753054,0.019977446509059665
791734766.3753377,791.7347663753377,0.019983350853314725
795756429.0240619,795.7564290240618,0.01998937505072108
799798519.9413797,799.7985199413796,0.019995611605472183
803861142.89386,803.8611428938599,0.01999929259280456
807944402.1751689,807.9444021751689,0.02000288162538964
812048402.6087348,812.0484026087348,0.020006471306093752
816173249.5504435,816.1732495504435,0.02001006163503446
820319048.8913414,820.3190488913414,0.02001365261232935
824485907.0603552,824.4859070603552,0.020017273614903783
828673931.0270231,828.6739310270231,0.020020922847775947
832883228.3042444,832.8832283042443,0.020024600279168338
837113906.9510276,837.1139069510276,0.020028285095542397
841366075.575282,841.3660755752819,0.020031983462588467
845639843.3365939,845.6398433365938,0.020035922940194368
849935319.9490324,849.9353199490324,0.020039864843950532
854252615.6839654,854.2526156839654,0.020043807525095787
858591841.3728908,858.5918413728908,0.02004775226770258
862953108.4102812,862.9531084102812,0.02005174785028193
867336528.756447,867.3365287564469,0.02005577015042543
871742214.9403985,871.7422149403984,0.020059800064431775
876170280.0627527,876.1702800627527,0.02006384673688068
880620837.7986248,880.6208377986247,0.020068021029333256
885094002.400549,885.094002400549,0.020072321365778394
889589888.7014123,889.5898887014123,0.02007662262420066
894108612.1174018,894.1086121174018,0.020080927321783237
898650288.6509677,898.6502886509677,0.020085281651948252
903215034.8938049,903.2150348938048,0.020089662735452554
907802968.0298325,907.8029680298324,0.020094046126308298
912414205.8382223,912.4142058382222,0.02009849917691587
917048866.6964084,917.0488666964084,0.0201029532149202
921707069.5831305,921.7070695831304,0.02010740824054031
926388934.0814872,926.3889340814872,0.02011186877225833
931094580.3820069,931.0945803820068,0.020116357232356247
935824129.2857357,935.8241292857357,0.020120887237279145
940577702.2073259,940.5777022073258,0.02012558717448535
945355421.1781722,945.3554211781722,0.020130416469340197
950157408.8495319,950.1574088495319,0.020135249389533635
954983788.4956762,954.9837884956761,0.020140086879033584
959834684.0170552,959.8346840170551,0.02014493198045577
964710219.9434786,964.7102199434786,0.020149819556682665
969610521.4373124,969.6105214373123,0.020154741961647224
974535714.2966955,974.5357142966955,0.020159691396321386
979485924.9587554,979.4859249587553,0.020164690126683288
984461280.502875,984.461280502875,0.02016969009652019
989461908.6539402,989.4619086539401,0.020174691306139445
994487937.7856236,994.4879377856236,0.02017969375584846
999539496.9236785,999.5394969236785,0.020184747044700246
1004616715.7492528,1004.6167157492528,0.02018756485027985
1009719724.6022168,1009.7197246022168,0.020190158153799542
1014848654.4845135,1014.8486544845135,0.020192752144530365
1020003637.0635071,1020.0036370635071,0.020195350167079615
1025184804.6753844,1025.1848046753844,0.02019795851593703
1030392290.3285382,1030.3922903285381,0.02020059956327071
1035626227.7069849,1035.6262277069848,0.020203240956412724
1040886751.1737968,1040.8867511737967,0.020205922739698155
1046173995.7745512,1046.173995774551,0.02020860641508428
1051488097.2408009,1051.4880972408007,0.020211290447487335
1056829191.9935436,1056.8291919935436,0.020213974836954873
1062197417.1467472,1062.1974171467473,0.020216772321167243
1067592910.5108535,1067.5929105108535,0.02021967015940291
1073015810.5963209,1073.0158105963208,0.020222569814846558
1078466256.6171792,1078.4662566171792,0.020225472357974134
1083944388.4946046,1083.9443884946045,0.02022839227378726
1089450346.8605108,1089.4503468605108,0.02023133805275873
1094984273.0611627,1094.9842730611626,0.02023428805431461
1100546309.1607912,1100.546309160791,0.020237264570878336
1106136597.9452615,1106.1365979452614,0.020240246540335006
1111755282.9257243,1111.7552829257243,0.020243415674323455
1117402508.3423033,1117.4025083423032,0.020246585304742423
1123078419.167799,1123.078419167799,0.020249777115044314
1128783161.1114085,1128.7831611114084,0.020252991024516828
1134516880.6224682,1134.516880622468,0.02025620559846507
1140279724.894216,1140.279724894216,0.02025945405805187
1146071841.8675542,1146.0718418675542,0.020262706101062376
1151893380.2348719,1151.8933802348718,0.020265991556726707
1157744489.4438455,1157.7444894438454,0.02026929571723205
1163625319.7012794,1163.6253197012793,0.020272600416611615
1169536021.976963,1169.536021976963,0.020275905654953318
1175476748.0075443,1175.4767480075443,0.020279219664098173
1181447650.3004315,1181.4476503004314,0.02028261938401727
1187448882.1376903,1187.4488821376904,0.02028617880822062
1193480597.5800035,1193.4805975800034,0.02028974773082478
1199542951.4706109,1199.542951470611,0.02029333624125897
1205636099.4392865,1205.6360994392865,0.020296964636026503
1211760197.9063354,1211.7601979063354,0.02030059396199814
1217915404.0866084,1217.9154040866083,0.020304225509352587
1224101875.9935386,1224.1018759935387,0.020307858852128127
1230319772.4432013,1230.3197724432011,0.020311308795482902
1236569253.0583751,1236.5692530583751,0.020314751224119517
1242850478.2726636,1242.8504782726636,0.020318197667099483
1249163609.3345988,1249.1636093345987,0.02032168049927086
1255508808.3117836,1255.5088083117835,0.02032516465428875
1261886238.0950527,1261.8862380950527,0.02032874183606743
1268296062.4026544,1268.2960624026543,0.02033242315124651
1274738445.7844532,1274.738445784453,0.020336131787086487
1281213553.6261585,1281.2135536261585,0.02033984991750633
1287721552.1535528,1287.7215521535527,0.020343608856221884
1294262608.4367852,1294.262608436785,0.020347383018206527
1300836890.3946435,1300.8368903946434,0.020351157880616765
1307444566.7988684,1307.4445667988684,0.020354933443582635
1314085807.2784858,1314.0858072784856,0.02035872238909973
1320760782.324163,1320.7607823241628,0.020362566042308218
1327469663.2925842,1327.469663292584,0.020366412256409328
1334212622.4108543,1334.2126224108542,0.020370281233495095
1340989832.780902,1340.989832780902,0.02037430218971877
1347801468.3839507,1347.8014683839506,0.02037835246877124
1354647704.0849679,1354.6477040849677,0.02038240704047444
1361528715.6371572,1361.5287156371571,0.02038650177268125
1368444679.6864705,1368.4446796864704,0.020390621476546564
1375395773.7761438,1375.3957737761436,0.020394742012925987
1382382176.3512585,1382.3821763512585,0.020398863596051694
1389404066.7633038,1389.4040667633037,0.02040299484590012
1396461625.2748098,1396.4616252748099,0.02040725399680928
1403555033.0639555,1403.5550330639555,0.020411596020989155
1410684472.2292256,1410.6844722292255,0.020415957325901953
1417850125.7940836,1417.8501257940836,0.020420337125501998
1425052177.711672,1425.052177711672,0.020424762414194206
1432290812.869534,1432.290812869534,0.02042918866218271
1439566217.0943644,1439.5662170943644,0.020433615869675514
1446878577.1567607,1446.8785771567607,0.020438057854999435
1454228080.7760472,1454.2280807760471,0.02044254965784178
1461614916.6250749,1461.6149166250748,0.020447050030700825
1469039274.3350692,1469.0392743350692,0.02045160040217923
1476501344.500498,1476.501344500498,0.0204561575764061
1484001318.6839654,1484.0013186839653,0.020460718692821338
1491539389.4211287,1491.5393894211286,0.020465436789761753
1499115750.2256465,1499.1157502256465,0.020470205383770094
1506730595.594125,1506.730595594125,0.02047273302036792
1514384121.0111434,1514.3841210111434,0.020474964258678514
1522076522.9542513,1522.0765229542512,0.0204772162208325
1529807998.8990161,1529.8079988990162,0.02047947006133717
1537578747.3240955,1537.5787473240955,0.02048174775764434
1545388967.7163298,1545.3889677163297,0.020484038253843803
1553238860.57587,1553.23886057587,0.020486329006346095
1561128627.4213033,1561.1286274213032,0.020488620015179912
1569058470.794858,1569.0584707948578,0.020490916238274433
1577028594.2675822,1577.028594267582,0.02049324711106892
1585039202.4445753,1585.0392024445753,0.020495580721336726
1593090500.9702396,1593.0905009702396,0.020498062878005104
1601182696.5335605,1601.1826965335604,0.020500552786023626
1609315996.8734117,1609.3159968734117,0.020503056202295238
1617490610.7838943,1617.4906107838942,0.020505588494751845
1625706748.1196747,1625.7067481196746,0.020508121099978953
1633964619.8014042,1633.964619801404,0.020510654018015183
1642264437.8211133,1642.2644378211132,0.0205131901787593
1650606415.2476575,1650.6064152476574,0.02051575477556636
1658990766.232188,1658.990766232188,0.020518329574786887
1667417706.0136492,1667.4177060136492,0.020520928589440813
1675887450.9243047,1675.8874509243046,0.020523527959595722
1684400218.3952956,1684.4002183952955,0.0205262259997411
1692956226.9621997,1692.9562269621997,0.02052897464253922
1701555696.2706769,1701.5556962706767,0.020531723653670196
1710198847.0820832,1710.1988470820831,0.02053447602721234
1718885901.2791457,1718.8859012791456,0.020537236466923466
1727617081.8716571,1727.617081871657,0.020540026669807653
1736392613.0022018,1736.3926130022016,0.02054283915068737
1745212719.9519083,1745.2127199519082,0.020545652432288133
1754077629.1462417,1754.0776291462416,0.02054849747282853
1762987568.1607876,1762.9875681607875,0.02055146796687826
1771942765.7271354,1771.9427657271353,0.020554439492836692
1780943451.7387228,1780.9434517387226,0.020557413761880527
1789989857.2567446,1789.9898572567445,0.020560393707469895
1799082214.5160844,1799.0822145160844,0.020563410064828418
1808220756.9312768,1808.2207569312768,0.020566441303503928
1817405719.1025045,1817.4057191025045,0.020569482583757563
1826637336.8215973,1826.6373368215973,0.020572562532882022
1835915847.0781217,1835.9158470781215,0.020575643639972555
1845241488.0654402,1845.24148806544,0.0205787288400408
1854614499.1868327,1854.6144991868325,0.020581814503810622
1864035121.0616412,1864.0351210616411,0.020584926326593415
1873503595.5314484,1873.5035955314484,0.020588104545417332
1883020165.666285,1883.020165666285,0.020591379790596217
1892585075.7708764,1892.5850757708763,0.02059469066514538
1902198571.3908887,1902.1985713908887,0.02059800670580706
1911860899.3192704,1911.8608993192702,0.02060132700187909
1921572307.6025634,1921.5723076025633,0.020604647835880327
1931333045.5472763,1931.3330455472762,0.02060800740406545
1941143363.7262836,1941.1433637262835,0.020611380709447864
1951003513.9852605,1951.0035139852605,0.02061478207567349
1960913749.4491463,1960.9137494491463,0.020618207223013836
1970874324.52865,1970.87432452865,0.020621632941579024
1980885494.926754,1980.8854949267538,0.02062505923146473
1990947517.645319,1990.9475176453188,0.020628486092766678
2001060650.9916553,2001.0606509916552,0.020631810874898692
2011225154.5851603,2011.2251545851602,0.020633405564152368
2021441289.3639824,2021.4412893639824,0.020635000872276942
2031709317.591721,2031.709317591721,0.02063659872218394
2042029502.8641658,2042.0295028641656,0.020638196695841823
2052402110.116035,2052.4021101160347,0.020639805991807505
2062827405.6278193,2062.827405627819,0.020641430227266673
2073305657.0325897,2073.30565703259,0.020643058333795684
2083837133.3228753,2083.837133322875,0.020644706567741707
2094422104.8575673,2094.4221048575673,0.020646354933293802
2105060843.3688617,2105.0608433688617,0.020648003430462462
2115753621.9692333,2115.7536219692333,0.020649673713203066
2126500715.1584551,2126.500715158455,0.020651438376544977
2137302398.8306155,2137.3023988306154,0.02065321139071713
2148158950.2812448,2148.158950281245,0.0206549863970668
2159070648.2144046,2159.0706482144046,0.020656761556186613
2170037772.7498507,2170.037772749851,0.02065855227203714
2181060605.4302225,2181.0606054302225,0.020660353686396578
2192139429.2282724,2192.1394292282725,0.020662160507192717
2203274528.5541286,2203.2745285541287,0.02066397855840441
2214466189.262605,2214.466189262605,0.020665870712688092
2225714698.6605086,2225.7146986605085,0.02066779685295226
2237020345.5140615,2237.0203455140613,0.020669723173329713
2248383420.056281,2248.383420056281,0.020671671570611443
2259804213.9944425,2259.8042139944423,0.02067362613772168
2271283020.517564,2271.2830205175637,0.020675583388644406
2282820134.303933,2282.820134303933,0.020677560558088198
2294415851.5286756,2294.4158515286754,0.020679537917189062
2306070469.8713613,2306.070469871361,0.020681543318001355
2317784288.5236177,2317.7842885236178,0.02068355544646682
2329557608.1968584,2329.5576081968584,0.020685567771321547
2341390731.1299686,2341.3907311299686,0.020687581292952985
2353283961.097074,2353.283961097074,0.02068960255794105
2365237603.415339,2365.237603415339,0.020691737312081484
2377251964.9528036,2377.2519649528035,0.020693895854181826
2389327354.1362705,2389.3273541362705,0.020696057661801603
2401464080.9591894,2401.4640809591892,0.020698238067918314
2413662456.989664,2413.662456989664,0.020700434136465398
2425922795.3784184,2425.9227953784184,0.020702631490604428
2438245410.8668447,2438.2454108668444,0.02070483157295578
2450630619.79508,2450.6306197950803,0.020707028329252284
2463078740.110132,2463.078740110132,0.020709222842092624
2475590091.374037,2475.5900913740365,0.02071142370138434
2488164994.7720747,2488.164994772075,0.02071363123670835
2500803773.120977,2500.803773120977,0.02071585526798301
2513506750.8772693,2513.506750877269,0.02071809508604699
2526274254.145563,2526.274254145563,0.020720430940413852
2539106610.686939,2539.1066106869384,0.020722769683027706
2552004149.927356,2552.0041499273557,0.02072512801094943
2564967202.9661136,2564.9672029661133,0.020727489811907158
2577996102.5843487,2577.9961025843486,0.020729884339981446
2591091183.253589,2591.091183253589,0.020732281510193372
2604252781.144302,2604.252781144302,0.020734680365346196
2617481234.134579,2617.481234134579,0.020737082454722708
2630776881.8187747,2630.7768818187747,0.02073950026038529
2644140065.516233,2644.140065516233,0.02074194277718992
2657571128.2800484,2657.5711282800485,0.020744387221122523
2671070414.905874,2671.070414905874,0.020746906167768475
2684638271.9407816,2684.6382719407816,0.02074945028434124
2698275047.692121,2698.275047692121,0.02075201571411625
2711981092.236518,2711.9810922365177,0.020754581461694777
2725756757.428822,2725.756757428822,0.020757180484879456
2739602396.9111514,2739.602396911151,0.020759787228602843
2753518366.1219687,2753.5183661219685,0.02076239430019609
2767505022.3052077,2767.5050223052076,0.020765003734978638
2781562724.5194426,2781.5627245194423,0.020767642959654838
2795691833.6471176,2795.6918336471176,0.020770364479456332
2809892712.403769,2809.892712403769,0.020773103970891566
2824165725.3473983,2824.165725347398,0.020775849619110935
2838511238.8877907,2838.5112388877906,0.020778614555600195
2852929621.2959304,2852.9296212959302,0.020781401976741085
2867421242.713456,2867.421242713456,0.020784194967045366
2881986475.162163,2881.9864751621626,0.020786988334096482
2896625692.5535502,2896.62569255355,0.020789796566841115
2911339270.698435,2911.3392706984346,0.020792633338465788
2926127587.316555,2926.127587316555,0.020795478060984397
2940991022.0463285,2940.9910220463285,0.020798345601605966
2955929956.4545593,2955.929956454559,0.020801213538721396
2970944774.046241,2970.9447740462406,0.020804134690622488
2986035860.274403,2986.035860274403,0.02080711796055848
3001203602.550007,3001.2036025500065,0.0208099857550118
3016448390.2518897,3016.4483902518896,0.02081136863107334
3031770614.736772,3031.770614736772,0.0208127532595218
3047170669.3492613,3047.170669349261,0.02081414987725912
3062648949.4320135,3062.6489494320135,0.020815546589011344
3078205852.33584,3078.20585233584,0.020816962233621995
3093841777.4299197,3093.8417774299196,0.02081838128697063
3109557126.1120486,3109.5571261120485,0.020819800437307613
3125352301.8189473,3125.352301818947,0.020821219684639597
3141227710.036628,3141.2277100366277,0.02082264665490427
3157183758.3107576,3157.1837583107576,0.020824089309659097
3173220856.25719,3173.22085625719,0.0208255869227707
3189339415.5724344,3189.339415572434,0.02082711876080933
3205539850.044237,3205.539850044237,0.020828653563209672
3221822575.5622025,3221.8225755622025,0.020830199924221506
3238188010.12847,3238.1880101284696,0.020831759119902194
3254636573.868447,3254.6365738684467,0.020833318432929637
3271168689.041601,3271.168689041601,0.0208348778633127
3287784780.052259,3287.7847800522586,0.020836440853241375
3304485273.460568,3304.485273460568,0.020838025181778234
3321270597.993399,3321.270597993399,0.020839613803464083
3338141184.555369,3338.141184555369,0.020841213132991265
3355097466.239897,3355.0974662398967,0.020842833891430445
3372139878.340327,3372.1398783403265,0.020844517833661133
3389268858.3611,3389.2688583611002,0.02084620337172344
3406484846.028999,3406.4848460289986,0.020847889047220486
3423788283.304387,3423.788283304387,0.02084957772727926
3441179614.392628,3441.179614392628,0.020851275199022117
3458659285.7554407,3458.6592857554406,0.02085298903599455
3476227746.1223707,3476.2277461223707,0.02085471414735003
3493885446.5023127,3493.8854465023123,0.020856439402595132
3511632840.1950865,3511.6328401950864,0.020858235455130103
3529470382.8030877,3529.4703828030874,0.020860048495396365
3547398532.2429323,3547.398532242932,0.02086186324227637
3565417748.7572885,3565.4177487572883,0.020863680434623475
3583528494.926641,3583.5284949266406,0.020865505443074858
3601731235.6811795,3601.7312356811794,0.020867352379265684
3620026438.3127327,3620.0264383127324,0.02086920366985974
3638414572.486766,3638.414572486766,0.020871066395515732
3656896110.2544365,3656.8961102544363,0.02087294686787408
3675471526.0647273,3675.471526064727,0.020874829069069616
3694141296.7765727,3694.1412967765727,0.020876714235101197
3712905901.671178,3712.9059016711776,0.020878599573423088
3731765822.464273,3731.765822464273,0.02088050581707705
3750721543.318491,3750.7215433184906,0.02088249323219199
3769773550.8557954,3769.7735508557953,0.020884490201626207
3788922334.1699767,3788.9223341699767,0.02088650510132568
3808168384.839204,3808.1683848392036,0.020888524753786396
3827512196.938659,3827.512196938659,0.020890546100458093
3846954267.0531693,3846.954267053169,0.020892567904469934
3866495094.2900314,3866.4950942900314,0.020894618746973632
3886135180.2917743,3886.1351802917743,0.02089667190187664
3905875029.249049,3905.875029249049,0.020898747901615135
3925715147.913573,3925.7151479135728,0.02090083207023919
3945656045.611136,3945.6560456111356,0.020902916449570236
3965698234.2546806,3965.6982342546803,0.02090500103962996
3985842228.357453,3985.8422283574528,0.020907106348102954
4006088545.046158,4006.088545046158,0.020908988981547118
4026437704.074317,4026.4377040743166,0.020910195133121104
4046890227.8355556,4046.8902278355554,0.020911402340685618
4067446641.377029,4067.4466413770288,0.02091261130772421
4088107472.412899,4088.107472412899,0.020913820345180655
4108873251.3378816,4108.873251337882,0.02091504161864414
4129744511.2408795,4129.74451124088,0.020916270170615148
4150721787.918607,4150.721787918607,0.020917504609045658
4171805619.889432,4171.805619889432,0.02091874965671694
4192996548.4071436,4192.996548407144,0.02091999477892914
4214295117.4748616,4214.295117474861,0.020921239975686724
4235701873.8589997,4235.7018738589995,0.020922538994426063
4257217367.1033044,4257.217367103304,0.020923858268482174
4278842149.5429616,4278.842149542961,0.02092518182906413
4300576776.31879,4300.5767763187905,0.020926506639857394
4322421805.391434,4322.421805391434,0.020927831535376158
4344377797.555776,4344.377797555775,0.020929171671685797
4366445316.455273,4366.445316455272,0.020930515875800207
4388624928.596442,4388.624928596442,0.020931865668583415
4410917203.363405,4410.917203363405,0.020933243012662184
4433322713.032501,4433.322713032501,0.020934661578314452
4455842032.78698,4455.84203278698,0.02093608024129307
4478475740.731784,4478.475740731784,0.020937499194777658
4501224417.908327,4501.224417908327,0.020938941003807186
4524088648.309504,4524.088648309504,0.020940383401196694
4547069018.894616,4547.0690188946155,0.02094183092951357
4570166119.604465,4570.166119604464,0.020943289750252336
4593380543.376485,4593.380543376485,0.020944749526536664
4616712886.159972,4616.712886159972,0.02094623108850688
4640163746.931399,4640.163746931399,0.020947712756462462
4663733727.709723,4663.733727709723,0.020949194530411108
4687423433.571944,4687.423433571944,0.020950678808802893
4711233472.668565,4711.233472668565,0.02095220708754998
4735164456.239227,4735.164456239227,0.02095376879828305
4759216998.628399,4759.216998628399,0.02095534373088451
4783391717.3011465,4783.391717301146,0.02095691878376917
4807689232.858985,4807.689232858985,0.020958512110741963
4832110169.05583,4832.11016905583,0.020960111888743797
4856655152.813938,4856.655152813938,0.02096171410173932
4881324814.240107,4881.324814240106,0.02096331880112415
4906119786.641777,4906.119786641777,0.020964927190141893
4931040706.543317,4931.040706543316,0.020966557783356075
4956088213.702353,4956.088213702353,0.020968190957695847
4981262951.126199,4981.2629511261985,0.02096983050097724
5006565565.088361,5006.565565088361,0.020971339551485505
5031996705.145147,5031.996705145147,0.020972500352537702
5057557024.152273,5057.557024152273,0.02097367308511125
5083247178.281722,5083.247178281722,0.020974848999317272
5109067827.038527,5109.067827038526,0.020976035369923863
5135019633.277712,5135.019633277711,0.020977224466091682
5161103263.221313,5161.103263221314,0.02097842885375147
5187319386.475482,5187.319386475482,0.02097963331086345
5213668676.047668,5213.668676047669,0.020980837837431647
5240151808.363926,5240.151808363926,0.02098204243346009
5266769463.286195,5266.769463286195,0.020983258062500114
5293522324.129869,5293.522324129869,0.020984481601672586
5320411077.681269,5320.411077681269,0.020985730085278043
5347436414.215279,5347.436414215278,0.020987008210471402
5374599027.513079,5374.599027513078,0.020988290133062387
5401899614.879949,5401.899614879949,0.02098958139202857
5429338877.163193,5429.338877163193,0.020990873006939442
5456917518.770049,5456.917518770048,0.020992183457346575
5484636247.685892,5484.636247685892,0.020993493990068685
5512495775.49233,5512.495775492329,0.020994804605110974
5540496817.38549,5540.49681738549,0.0209961169181619
5568640092.194382,5568.640092194381,0.02099748118067978
5596926322.399345,5596.926322399345,0.02099885375020142
5625356234.150604,5625.356234150604,0.02100023771788162
5653930557.286924,5653.930557286924,0.02100162237082877
5682650025.354266,5682.650025354266,0.021003020623465776
5711515375.624743,5711.515375624743,0.021004427116879828
5740527349.115465,5740.527349115465,0.021005835918771816
5769686690.607579,5769.686690607579,0.02100724481610214
5798994148.665392,5798.994148665392,0.02100866501000099
5828450475.655587,5828.450475655587,0.021010096121512046
5858056427.766539,5858.056427766538,0.021011532931114758
5887812765.0277405,5887.81276502774,0.02101297740016965
5917720251.329243,5917.720251329242,0.021014429674832497
5947779654.44138,5947.7796544413795,0.021015935608334483
5977991746.034398,5977.991746034398,0.0210174417111181
6008357301.698289,6008.357301698288,0.021018758234324787
6038877100.962698,6038.877100962698,0.02101954985950058
6069551927.316937,6069.5519273169375,0.02102034398223183
6100382568.230119,6100.3825682301185,0.0210211433953154
6131369815.171286,6131.369815171285,0.021021943434302127
6162514463.629857,6162.514463629856,0.021022755575746208
6193817313.135967,6193.817313135967,0.021023567748757008
6225279167.281011,6225.27916728101,0.021024379953335767
6256900833.738267,6256.900833738267,0.02102519218948371
6288683124.283643,6288.683124283642,0.021026011020917473
6320626854.816506,6320.626854816506,0.021026851037284775
6352732845.380657,6352.732845380657,0.021027720136253043
6385001920.185286,6385.001920185286,0.021028596175778954
6417434907.626269,6417.434907626269,0.021029472684573655
6450032640.307348,6450.032640307348,0.02103035845441167
6482795955.06152,6482.79595506152,0.021031248828150554
6515725692.972526,6515.725692972525,0.021032139239947796
6548822699.39644,6548.822699396439,0.021033029988905824
6582087823.98337,6582.087823983369,0.021033924364114904
6615521920.699296,6615.521920699296,0.021034830056731398
6649125847.8478985,6649.1258478478985,0.02103573834016823
6682900468.09273,6682.900468092729,0.021036650644076154
6716846648.479266,6716.846648479266,0.021037600551730724
6750965260.457196,6750.965260457196,0.021038561486539403
6785257179.902785,6785.257179902785,0.021039522465812335
6819723287.141363,6819.723287141363,0.021040483709321406
6854364466.969923,6854.364466969922,0.02104144668833043
6889181608.679861,6889.181608679861,0.021042416968191605
6924175606.079706,6924.175606079706,0.02104339528453856
6959347357.518213,6959.347357518213,0.021044377994158734
6994697765.907328,6994.697765907327,0.02104537899272795
7030227738.745389,7030.227738745389,0.021046410818141723
7065938188.140425,7065.938188140424,0.021047442807628068
7101830030.8335705,7101.83003083357,0.02104847623537096
7137904188.222627,7137.9041882226265,0.0210495106401092
7174161586.38561,7174.16158638561,0.021050551963002952
7210603156.10468,7210.603156104679,0.02105160488101357
7247229832.8899355,7247.229832889935,0.021052658848954353
7284042557.003449,7284.0425570034495,0.02105372252588276
7321042273.483414,7321.042273483414,0.02105479305034073
7358229932.168395,7358.229932168395,0.021055865029525708
7395606487.721719,7395.606487721719,0.021056938189113285
7433172899.656008,7433.172899656008,0.021058011902085644
7470930132.357702,7470.930132357702,0.021059126552393934
7508879155.111981,7508.879155111981,0.021060255021437713
7547020942.127535,7547.020942127535,0.021061392564874
7585356472.561605,7585.356472561605,0.02106253779198172
7623886730.54512,7623.8867305451195,0.021063686558827087
7662612705.207956,7662.6127052079555,0.02106483557586568
7701535390.704332,7701.535390704332,0.02106598713477628
7740655786.23836,7740.65578623836,0.021067154043618065
7779974896.089585,7779.974896089585,0.021068321034278987
7819493729.638929,7819.493729638929,0.02106950326127201
7859213301.394496,7859.213301394496,0.02107068658087677
7899134631.017642,7899.134631017641,0.021071869968196513
7939258743.349154,7939.258743349154,0.021073053423235233
7979586668.435555,7979.586668435555,0.02107427998574072
8020119441.55558,8020.11944155558,0.021075267220026637
8060858103.2466345,8060.8581032466345,0.021076003847316394
8101803699.331681,8101.803699331681,0.021076741453942022
8142957280.945971,8142.9572809459705,0.021077479820394172
8184319904.564057,8184.319904564057,0.021078218213014557
8225892632.02692,8225.89263202692,0.02107896638452993
8267676530.56922,8267.676530569219,0.02107971665519227
8309672672.846697,8309.672672846697,0.021080471976136377
8351882136.963739,8351.882136963739,0.02108123143513698
8394306006.500941,8394.306006500941,0.021081990921759705
8436945370.543093,8436.945370543091,0.021082769022419397
8479801323.7070265,8479.801323707026,0.02108356314583202
8522874966.1697445,8522.874966169744,0.02108436738291504
8566167403.69666,8566.16740369666,0.021085172810900586
8609679747.669987,8609.679747669987,0.021085978707060048
8653413115.11727,8653.41311511727,0.021086784634460624
8697368628.740091,8697.36862874009,0.021087602067875074
8741547416.942764,8741.547416942763,0.021088419694450997
8785950613.861496,8785.950613861496,0.021089241934931283
8830579359.39337,8830.579359393369,0.021090100778181565
8875434799.225643,8875.434799225643,0.02109095965698356
8920518084.865156,8920.518084865156,0.021091818571338777
8965830373.667898,8965.830373667897,0.021092679897515836
9011372828.868713,9011.372828868713,0.021093553127963086
9057146619.611198,9057.146619611198,0.0210944277028394
9103152920.977585,9103.152920977584,0.021095307266670773
9149392914.019098,9149.392914019098,0.02109619177264916
9195867785.786152,9195.867785786151,0.021097079216952096
9242578729.35885,9242.57872935885,0.02109797649611336
9289526943.877619,9289.526943877618,0.021098873814024997
9336713634.57398,9336.71363457398,0.02109977117068871
9384140012.801542,9384.140012801541,0.021100679493688084
9431807296.066946,9431.807296066945,0.021101621131044575
9479716708.061335,9479.716708061334,0.021102565835960527
9527869478.691624,9527.869478691624,0.021103516973083714
9576266844.112114,9576.266844112113,0.021104468153932437
9624910046.756222,9624.910046756222,0.021105433169424415
9673800335.36838,9673.80033536838,0.021106399260092838
9722938965.036087,9722.938965036086,0.021107367486592237
9772327197.22217,9772.32719722217,0.021108336748150026
9821966299.797018,9821.966299797017,0.02110931022983192
9871857547.071356,9871.857547071355,0.021110296231288878
9922002219.8288,9922.002219828799,0.021111282651111132
9972401605.358786,9972.401605358786,0.02111227431464468
10023056997.48961,10023.05699748961,0.02111303234283221
10073969696.621643,10073.969696621643,0.021113507216249012
10125141009.760715,10125.141009760715,0.021113982100377418
10176572250.551706,10176.572250551706,0.021114459387339243
10228264739.31212,10228.26473931212,0.021114940545179796
10280219803.066204,10280.219803066204,0.021115423816908056
10332438775.578857,10332.438775578858,0.021115912188364172
10384922997.389923,10384.922997389922,0.021116400571138498
10437673815.848589,10437.673815848588,0.02111688896523129
10490692585.147984,10490.692585147983,0.02111737737064281
10543980666.359978,10543.980666359977,0.021117871131648137
10597539427.469967,10597.539427469967,0.02111836905282792
10651370243.412226,10651.370243412226,0.02111889183690786
10705474496.105047,10705.474496105047,0.021119414633994835
10759853574.48626,10759.853574486258,0.021119940173831845
10814508874.54888,10814.50887454888,0.021120468977989616
10869441799.376953,10869.441799376953,0.021120999044577263
10924653759.181574,10924.653759181574,0.021121535158315517
10980146171.337122,10980.14617133712,0.02112207128571575
11035920460.417494,11035.920460417494,0.021122607426778323
11091978058.23291,11091.97805823291,0.021123159167563237
11148320403.86652,11148.320403866519,0.021123725055270468
11204948943.71137,11204.94894371137,0.02112429267511763
11261865131.507553,11261.865131507553,0.021124864741618184
11319070428.379513,11319.070428379513,0.02112543682371821
11376566302.873564,11376.566302873563,0.021126015929383426
11434354230.995623,11434.354230995623,0.02112659729611307
11492435696.248945,11492.435696248946,0.02112717933087779
11550812189.67245,11550.812189672448,0.021127761381803202
11609485209.878828,11609.485209878827,0.02112834962778889
11668456263.093071,11668.45626309307,0.02112894094743552
11727726863.191118,11727.726863191117,0.021129535094052177
11787298531.738733,11787.298531738732,0.021130131248807353
11847172798.030561,11847.17279803056,0.02113075109373327
11907351199.12943,11907.35119912943,0.021131377999933858
11967835279.905642,11967.835279905641,0.021132005269204945
12028626593.07688,12028.626593076879,0.021132640974718436
12089726699.247908,12089.726699247907,0.021133277404867486
12151137166.950672,12151.137166950672,0.0211339173183187
12212859572.684568,12212.859572684567,0.021134560855085617
12274895500.95691,12274.895500956909,0.021135206517583435
12337246544.323652,12337.246544323652,0.02113586024558039
12399914303.430098,12399.914303430098,0.021136513993990396
12462900387.052256,12462.900387052256,0.021137167762814095
12526206412.137955,12526.206412137954,0.021137821552052138
12589834003.848413,12589.834003848413,0.02113848213520627
12653784795.599943,12653.784795599942,0.02113917103340527
12718060429.10589,12718.06042910589,0.021139860875192942
12782662554.418781,12782.662554418781,0.021140556365768143
12847592829.972725,12847.592829972724,0.021141251879533328
12912852922.625803,12912.852922625802,0.02114195693562654
12978444507.70314,12978.44450770314,0.021142663426790675
13044369269.039724,13044.369269039724,0.02114336994185042
13110628899.023678,13110.628899023677,0.021144077069859317
13177225098.639715,13177.225098639714,0.021144788789397885
13244159577.51279,13244.15957751279,0.021145507522405745
13311434053.952007,13311.434053952007,0.02114622878932094
13379050254.99476,13379.05025499476,0.02114696561321089
13447009916.45089,13447.009916450888,0.02114771321596983
13515314782.947529,13515.314782947527,0.02114846792518014
13583966607.973692,13583.96660797369,0.021149222661722162
13652967153.925348,13652.967153925347,0.021149977874294356
13722318192.150654,13722.318192150653,0.021150734218967786
13792021502.995436,13792.021502995434,0.021151498156143752
13862078875.848936,13862.078875848936,0.02115226703621921
13932492109.18956,13932.49210918956,0.02115304034530145
14003263010.63133,14003.26301063133,0.021153835494539735
14074393396.970104,14074.393396970103,0.021154638391196447
14145885094.230259,14145.885094230258,0.021155441318851647
14217739937.711569,14217.739937711569,0.02115624569617642
14289959772.036314,14289.959772036313,0.021157050549375483
14362546451.19665,14362.54645119665,0.02115786250817137
14435501838.602238,14435.501838602237,0.021158682554865804
14508827807.127882,14508.827807127882,0.021159502633899766
14582526239.161919,14582.526239161918,0.021160332208972933
14656599026.654335,14656.599026654334,0.02116116492228247
14731048071.165384,14731.048071165384,0.021161999010502332
14805875283.914408,14805.875283914407,0.021162833711091754
14881082585.828897,14881.082585828897,0.021163678059761295
14956671907.593803,14956.671907593804,0.02116454539917159
15032645189.701159,15032.645189701158,0.021165227697567675
15109004382.499678,15109.004382499677,0.021165667191808832
15185751446.245144,15185.751446245144,0.021166108377486618
15262888351.150518,15262.888351150517,0.021166550419024256
15340417077.436577,15340.417077436576,0.021166992469809586
15418339615.382738,15418.339615382738,0.021167436526164304
15496657965.378162,15496.657965378161,0.021167885675526323
15575374137.973103,15575.374137973102,0.021168335311642084
15654490153.930573,15654.490153930572,0.021168790387176596
15734008044.278004,15734.008044278004,0.021169245472504827
15813929850.359716,15813.929850359717,0.021169700567626983
15894257623.889097,15894.257623889096,0.021170168254472422
15974993427.001337,15974.993427001336,0.0211706496588841
16056139332.306358,16056.139332306358,0.021171134780266738
16137697422.942024,16137.697422942023,0.02117162002218494
16219669792.62768,16219.66979262768,0.021172105924819714
16302058545.717659,16302.058545717658,0.021172592113077697
16384865797.255667,16384.865797255665,0.021173078312540075
16468093673.028831,16468.09367302883,0.021173573124415722
16551744309.622341,16551.74430962234,0.021174068285330815
16635819854.474297,16635.819854474295,0.0211745672421583
16720322465.930828,16720.32246593083,0.02117506793360466
16805254313.301517,16805.254313301517,0.021175572388329796
16890617576.915134,16890.617576915134,0.021176092746111642
16976414448.175377,16976.414448175376,0.021176614181282704
17062647129.617489,17062.64712961749,0.021177141938034185
17149317834.964554,17149.317834964553,0.021177670526396207
17236428789.18439,17236.42878918439,0.021178199251691652
17323982228.546677,17323.982228546676,0.021178728959649666
17411980400.680347,17411.980400680346,0.021179265457148287
17500425564.631298,17500.425564631296,0.021179801968294228
17589319990.920444,17589.319990920445,0.02118035471501909
17678665961.60175,17678.66596160175,0.02118091472489149
17768465770.3212,17768.4657703212,0.021181474749661207
17858721722.375427,17858.721722375427,0.02118203478932866
17949436134.77094,17949.43613477094,0.02118259791904199
18040611336.283623,18040.611336283622,0.021183168173037413
18132249667.518513,18132.24966751851,0.02118373903624888
18224353480.96995,18224.353480969952,0.021184314135249984
18316925141.081715,18316.925141081712,0.02118489158463143
18409967024.3081,18409.967024308102,0.021185471945087454
18503481519.174686,18503.481519174686,0.02118605714240542
18597471026.3397,18597.4710263397,0.021186642355978766
18691937958.655647,18691.937958655646,0.02118722765639763
18786884741.231262,18786.88474123126,0.021187833659392086
18882313811.493763,18882.31381149376,0.021188445269919608
18978227619.25148,18978.22761925148,0.021189059330345903
19074628626.756496,19074.628626756494,0.02118967686945681
19171519308.768234,19171.519308768235,0.02119029518475717
19268902152.61675,19268.90215261675,0.02119092255117316
19366779658.266617,19366.779658266616,0.021191549936295365
19465154338.38114,19465.15433838114,0.02119217877640484
19564028718.386845,19564.028718386842,0.021192807940889086
19663405336.538284,19663.405336538282,0.021193441301256836
19763286743.983322,19763.28674398332,0.021194081744104976
19863675504.828293,19863.67550482829,0.021194722206457666
19964574196.204285,19964.574196204285,0.021195368072558323
20065985408.332985,20065.985408332985,0.02119578133548671
20167911744.593277,20167.911744593275,0.021196061512229254
20270355821.588055,20270.355821588055,0.021196341692707565
20373320269.211395,20373.320269211395,0.02119662386453598
20476807730.716072,20476.80773071607,0.02119690772267507
20580820862.781498,20580.820862781497,0.021197193513818192
20685362335.58161,20685.36233558161,0.021197481581512526
20790434832.85388,20790.43483285388,0.02119776965314901
20896041051.967903,20896.041051967903,0.021198057728727685
21002183703.994717,21002.183703994717,0.021198345808248628
21108865513.7764,21108.8655137764,0.021198637403852725
21216089219.99603,21216.08921999603,0.02119894035706555
21323857575.24806,21323.857575248057,0.021199247307046493
21432173346.108665,21432.173346108666,0.021199554261523538
21541039313.207256,21541.039313207257,0.021199863606916492
21650458271.29752,21650.458271297517,0.02120017439248562
21760433029.32925,21760.433029329248,0.021200486573161034
21870966410.520485,21870.966410520483,0.021200801252293594
21982061252.429947,21982.061252429947,0.021201115936142417
22093720407.029903,22093.7204070299,0.021201433934448156
22205946740.779465,22205.946740779465,0.021201763943978835
22318743134.69785,22318.74313469785,0.021202095770627552
22432112484.43881,22432.112484438807,0.02120242885872489
22546057700.36467,22546.05770036467,0.02120276399163872
22660581707.621098,22660.581707621095,0.02120309923887295
22775687446.21222,22775.687446212218,0.021203439227642965
22891377871.076077,22891.377871076074,0.021203779704459937
23007655952.16049,23007.655952160487,0.021204120351259265
23124524674.49938,23124.52467449938,0.02120446168009184
23241987038.28908,23241.98703828908,0.021204807261853514
23360046058.965843,23360.046058965843,0.021205153781988402
23478704767.28292,23478.70476728292,0.021205502193357866
23597966209.388447,23597.966209388447,0.021205858612688398
23717833446.90365,23717.83344690365,0.021206224382408576
23838309557.001423,23838.309557001423,0.021206590158547735
23959397632.48545,23959.39763248545,0.021206957564172284
24081100781.869217,24081.100781869216,0.021207329352366265
24203422129.456337,24203.422129456336,0.02120770114720278
24326364815.420433,24326.36481542043,0.021208075755143253
24449931995.88581,24449.93199588581,0.02120845165642242
24574126843.008495,24574.126843008493,0.0212088299897759
24698952545.057667,24698.952545057666,0.021209211804956555
24824412306.497498,24824.412306497496,0.021209593627123026
24950509348.06951,24950.50934806951,0.02120997545627545
25077246906.874916,25077.246906874916,0.021210357353202994
25204628236.458214,25204.62823645821,0.02121075304091988
25332656606.8904,25332.6566068904,0.021211153918528115
25461335304.85298,25461.33530485298,0.02121155618952375
25590667633.722355,25590.667633722354,0.021211961301572605
25720656913.654602,25720.656913654602,0.02121236679309609
25851306481.67074,25851.306481670737,0.021212778244291502
25982619691.74246,25982.619691742457,0.021213189703618247
26114599914.87788,26114.59991487788,0.021213601912794425
26247250539.20862,26247.250539208617,0.021214014483453652
26380574970.076416,26380.574970076414,0.021214430327147083
26514576630.120647,26514.576630120646,0.02121484905435228
26649258959.366173,26649.258959366172,0.02121527304358715
26784625415.311665,26784.625415311664,0.02121570577853398
26920679473.01836,26920.679473018357,0.021216141682848032
27057424625.199368,27057.424625199365,0.021216580704534308
27194864382.308945,27194.864382308944,0.021217019735506333
27333002272.633194,27333.00227263319,0.021217459251565377
27471841842.380257,27471.841842380254,0.02121789926893032
27611386655.771442,27611.386655771443,0.02121834478350737
27751640295.132725,27751.64029513272,0.02121879223042578
27892606360.98672,27892.60636098672,0.02121924956974001
28034288472.145206,28034.288472145206,0.021219712533350133
28176690265.801613,28176.69026580161,0.021220178671540725
28319815397.625023,28319.81539762502,0.021220644820221093
28463667541.853584,28463.66754185358,0.02122111228776812
28608250391.388966,28608.250391388963,0.02122157980519959
28753567657.891136,28753.567657891133,0.021222053324932363
28899623071.873657,28899.623071873655,0.021222529616886046
29046420382.799454,29046.420382799453,0.02122300591979895
29193963359.177162,29193.96335917716,0.021223488749153765
29342255788.657475,29342.255788657472,0.02122397184648557
29491301478.130978,29491.301478130976,0.021224455977262344
29641104253.82548,29641.10425382548,0.021224940217923552
29791667961.404335,29791.667961404335,0.021225440911656495
29942996466.065166,29942.996466065164,0.02122594381667893
30095093652.639095,30095.093652639094,0.021226283981410146
30247963425.690464,30247.96342569046,0.021226528851666333
30401609709.617184,30401.609709617183,0.021226774219559076
30556036448.751053,30556.036448751052,0.021227020116581466
30711247607.45965,30711.247607459645,0.021227266016609448
30867247170.247684,30867.247170247683,0.02122751381735598
31024039141.859394,31024.039141859394,0.021227763469788743
31181627547.38133,31181.627547381326,0.021228013988277603
31340016432.345722,31340.01643234572,0.021228266507340464
31499209862.83442,31499.209862834417,0.021228519029554922
31659211925.58283,31659.211925582826,0.0212287743763693
31820026728.085514,31820.02672808551,0.021229039396104328
31981658398.70118,31981.658398701176,0.021229307579352784
32144111086.75876,32144.111086758756,0.02122957677279302
32307388962.663948,32307.388962663947,0.021229845969832527
32471496218.00627,32471.49621800627,0.021230116060910756
32636437065.666656,32636.437065666654,0.021230386223603133
32802215739.92573,32802.21573992573,0.02123065727512401
32968836496.572044,32968.83649657204,0.021230932155826453
33136303613.012024,33136.30361301202,0.021231207040288132
33304621388.37931,33304.62138837931,0.021231484376982617
33473794143.645245,33473.794143645246,0.021231761934935374
33643826221.72979,33643.82622172979,0.021232048808234177
33814721987.613026,33814.721987613026,0.021232337235217974
33986485828.4472,33986.4858284472,0.021232627228739413
34159122153.66948,34159.12215366948,0.021232919904352124
34332635395.11465,34332.63539511465,0.02123321328604387
34507030007.12963,34507.03000712963,0.021233506672040953
34682310466.68733,34682.31046668733,0.021233801441209968
34858481273.50171,34858.481273501704,0.02123409878442883
35035546950.143265,35035.54695014326,0.02123439955821493
35213512042.155174,35213.51204215517,0.021234709810107746
35392381118.16995,35392.38111816995,0.021235020066822166
35572158770.026886,35572.15877002689,0.02123533032835825
35752849612.88938,35752.84961288938,0.021235640594716106
35934458285.364235,35934.458285364235,0.02123595430717889
36116989449.62016,36116.98944962016,0.021236270832087498
36300447791.50766,36300.44779150766,0.021236587362029373
36484838020.67926,36484.83802067926,0.02123690690295304
36670164870.71044,36670.16487071044,0.021237226911906375
36856433099.221306,36856.43309922131,0.02123754918113174
37043647487.99816,37043.64748799816,0.0212378729739004
37231812843.11705,37231.81284311705,0.0212381967719066
37420933995.06665,37420.93399506665,0.021238527640556528
37611015798.87238,37611.01579887238,0.021238864718876
37802063134.22105,37802.06313422105,0.021239203886069643
37994080905.58608,37994.08090558608,0.02123954467950246
38187074042.35351,38187.07404235351,0.02123988668800607
38381047498.94856,38381.04749894856,0.021240230248472606
38576006254.96239,38576.00625496238,0.02124057744446613
38771955315.28063,38771.95531528063,0.021240924717851852
38968899710.21143,38968.89971021143,0.02124127333387909
39166844495.614655,39166.844495614656,0.02124162195603166
39365794753.03171,39365.7947530317,0.021241974137091012
39565755589.81597,39565.75558981597,0.021242328733191637
39766732139.26395,39766.73213926394,0.021242683409292574
39968729560.74713,39968.72956074713,0.021243046950244922
40171753039.84394,40171.75303984394,0.021243234385334285
40375807788.47364,40375.80778847364,0.021243389356711388
40580899045.02962,40580.89904502962,0.021243544329220626
40787032074.51398,40787.032074513976,0.02124370089441395
40994212168.672714,40994.21216867271,0.021243857923985792
41202444646.131546,41202.444646131546,0.02124401658368891
41411734852.53261,41411.73485253261,0.021244175982186086
41622088160.67109,41622.08816067109,0.021244335381880305
41833509970.634056,41833.509970634055,0.02124449478277157
42046005709.93846,42046.00570993846,0.02124465447289635
42259580833.67067,42259.58083367067,0.02124481903709416
42474240824.62646,42474.24082462645,0.021244988310457194
42689991193.45179,42689.99119345179,0.021245157729541594
42906837478.78427,42906.83747878427,0.021245327149981015
43124785247.395485,43124.785247395484,0.021245498539581485
43343840094.333305,43343.8400943333,0.02124567028461972
43564007643.06644,43564.007643066434,0.02124584318408094
43785293545.62815,43785.29354562815,0.021246016932851254
44007703482.761566,44007.703482761564,0.021246190683045563
44231243164.06546,44231.24316406546,0.021246371595851625
44455918328.14083,44455.918328140826,0.021246553614732013
44681734742.73827,44681.73474273827,0.021246737026039554
44908698204.90612,44908.69820490612,0.0212469212639142
45136814541.138695,45136.814541138694,0.02124710628487743
45366089607.52682,45366.08960752682,0.02124729197358119
45596529289.907486,45596.529289907485,0.021247479729032504
45828139504.01516,45828.139504015155,0.02124766795529941
46060926195.633606,46060.926195633605,0.021247856183241768
46294895340.74856,46294.89534074855,0.021248044939087194
46530052945.701096,46530.05294570109,0.021248235853526996
46766405047.34205,46766.40504734204,0.021248427069615484
47003957713.18626,47003.95771318625,0.02124862049093073
47242717041.56936,47242.717041569354,0.021248822003291416
47482689161.803696,47482.6891618037,0.021249023517575908
47723880234.335785,47723.88023433578,0.02124922503378422
47966296450.90449,47966.29645090448,0.02124942821982626
48209944034.699974,48209.94403469997,0.021249633217064214
48454829240.523636,48454.829240523635,0.021249838216294694
48700958354.947975,48700.95835494797,0.02125004527454978
48948337696.47902,48948.337696479015,0.021250252580206533
49196973615.71784,49196.97361571784,0.02125046171909449
49446872495.523766,49446.87249552376,0.021250671969602092
49698040751.178215,49698.04075117821,0.021250882222202554
49950484830.54941,49950.48483054941,0.021251092476895883
50204211214.25787,50204.21121425787,0.021251296228505197
50459226415.84303,50459.22641584303,0.02125150356975707
50715536981.92964,50715.53698192964,0.02125171091329427
50973149492.39697,50973.14949239697,0.02125191939162066
51232070560.54699,51232.070560546985,0.021252128885164805
51492306833.274315,51492.30683327431,0.021252339168942005
51753864991.23684,51753.864991236835,0.021252551765342752
52016751749.02727,52016.751749027266,0.021252764364122975
52280973855.34544,52280.973855345444,0.021252976965282708
52546538093.17183,52546.538093171825,0.021253190248684984
52813451279.94086,52813.451279940855,0.021253405750738075
53081720267.71707,53081.72026771707,0.021253622215477483
53351351943.37031,53351.351943370304,0.021253845555000914
53622353228.75263,53622.35322875263,0.021254069215763657
53894731080.876076,53894.731080876074,0.02125429570798469
54168492492.09121,54168.49249209121,0.021254522202920057
54443644490.26684,54443.64449026684,0.0212547487005698
54720194138.96968,54720.19413896968,0.021254975762411997
54998148537.646805,54998.148537646804,0.021255205199816055
55277514821.80715,55277.51482180715,0.021255435645196163
55558300163.204895,55558.30016320489,0.021255669724780418
55840511770.023544,55840.51177002354,0.021255908246842332
56124156887.06099,56124.156887060984,0.021256148443456507
56409242795.915504,56409.2427959155,0.02125638864313253
56695776815.17286,56695.77681517286,0.021256629129260428
56983766300.59339,56983.76630059339,0.021256871375275002
57273218645.30208,57273.21864530208,0.021257115418821648
57564141279.97748,57564.14127997748,0.021257361145467377
57856541673.042725,57856.541673042724,0.021257607294585923
58150427330.85723,58150.42733085723,0.021257855985177515
58445805797.90941,58445.80579790941,0.021258104679042572
58742684657.01032,58742.68465701032,0.021258353585792894
59041071529.488594,59041.07152948859,0.02125860407517842
59340974075.38517,59340.974075385166,0.021258860501298944
59642399993.651276,59642.39999365127,0.02125912023833053
59945357022.345184,59945.35702234518,0.021259380461813113
60249852938.83108,60249.85293883108,0.021259510868858463
60555895559.978714,60555.89555997871,0.021259612640311815
60863492742.364105,60863.492742364106,0.02125971453838095
61172652382.47118,61172.652382471184,0.02125981737085602
61483382416.89476,61483.382416894754,0.021259920802771864
61795690822.54336,61795.69082254336,0.021260024507082746
62109585616.84537,62109.58561684536,0.02126012959038767
62425074857.95391,62425.07485795391,0.021260234674212106
62742166644.95399,62742.166644953984,0.02126033975855605
63060869118.070366,63060.86911807036,0.02126044484341952
63381190458.876564,63381.19045887656,0.021260556502294126
63703138890.50509,63703.138890505084,0.021260668973563625
64026722677.85766,64026.72267785766,0.021260781445429033
64351950127.81872,64351.950127818716,0.02126089391789035
64678829589.46777,64678.82958946777,0.021261006471739976
65007369454.293976,65007.36945429397,0.021261120254158668
65337578156.41153,65337.578156411524,0.02126123503872971
65669464172.77622,65669.46417277622,0.021261350301504122
66003036023.40301,66003.03602340301,0.02126146673472605
66338302271.585,66338.302271585,0.021261583168586493
66675271524.11234,66675.27152411234,0.021261699603085448
67013952431.49458,67013.95243149457,0.021261819384461266
67354353688.18179,67354.35368818179,0.021261942160876204
67696484032.78802,67696.48403278801,0.021262064938002263
68040352248.315575,68040.35224831557,0.021262187715839438
68385967162.38058,68385.96716238058,0.021262310602227334
68733337647.43951,68733.3376474395,0.021262435056744373
69082472621.01729,69082.47262101728,0.021262560229534506
69433381045.93512,69433.38104593512,0.02126268609631163
69786071930.54216,69786.07193054215,0.021262812199629114
70140554328.94576,70140.55432894576,0.02126294448812962
70496837341.24411,70496.8373412441,0.021263076841501256
70854930113.75987,70854.93011375987,0.021263209195700756
71214841839.27501,71214.841839275,0.02126334155072813
71576581757.26698,71576.58175726698,0.02126347393884702
71940159154.14499,71940.15915414499,0.021263607690824325
72305583363.48979,72305.58336348979,0.02126374277474925
72672863766.29239,72672.86376629239,0.021263879370790453
73042009791.19508,73042.00979119509,0.021264016658454916
73413030914.73349,73413.03091473349,0.021264153947009846
73785936661.57985,73785.93666157985,0.02126429123645525
74160736604.7875,74160.7366047875,0.021264428526791133
74537440366.03697,74537.44036603697,0.021264567286254497
74916057615.88184,74916.05761588183,0.021264711602500364
75296598073.99863,75296.59807399863,0.021264856667088366
75679071509.43527,75679.07150943526,0.021265003458387048
76063487740.86212,76063.48774086213,0.02126515090939241
76449856636.82405,76449.85663682404,0.02126529836142711
76838188115.99377,76838.18811599378,0.02126544581449117
77228492147.4265,77228.4921474265,0.021265593268584588
77620778750.81606,77620.77875081605,0.021265741359239938
78015057996.75113,78015.05799675113,0.021265891595091384
78411340006.9753,78411.3400069753,0.02126604312820496
78809634954.6459,78809.6349546459,0.02126619504189457
79209953064.59541,79209.95306459541,0.021266346956676833
79612304613.5939,79612.3046135939,0.02126650141932582
80016699930.61295,80016.69993061294,0.021266659015107093
80423149397.09065,80423.14939709064,0.021266818573012724
80831663447.19862,80831.66344719862,0.0212669783370706
81242252568.1085,81242.2525681085,0.02126713810233391
81654927300.26305,81654.92730026304,0.02126729786880267
82069698237.64548,82069.69823764547,0.021267457636476892
82486576028.05179,82486.57602805179,0.021267617405356584
82905571373.36406,82905.57137336406,0.021267777679214006
83326695029.82521,83326.6950298252,0.021267940838919638
83749957808.31541,83749.9578083154,0.02126810453705406
84175370574.62843,84175.37057462842,0.02126826863850973
84602944249.75238,84602.94424975237,0.021268437246313707
85032689810.14883,85032.68981014883,0.02126860835400384
85464618288.03496,85464.61828803495,0.021268779621476375
85898740771.6667,85898.7407716667,0.021268950890335613
86335068405.62346,86335.06840562346,0.02126912216058154
86773612391.09415,86773.61239109414,0.021269293432214204
87214383986.16508,87214.38398616508,0.02126946702390235
87657394506.10779,87657.39450610778,0.021269641452765643
88102655323.67125,88102.65532367125,0.021269818405164072
88550177869.3727,88550.1778693727,0.021269998853176004
88999973631.79134,88999.97363179133,0.021270179902177645
89452054157.86328,89452.05415786328,0.02127036095273038
89906431053.17798,89906.43105317798,0.021270542004834216
90363115982.27614,90363.11598227614,0.02127072699716878
90822120668.94948,90822.12066894947,0.021270913771594888
91283456896.54048,91283.45689654048,0.021271100547671687
91747136508.2467,91747.1365082467,0.021271287325399187
92213171407.42366,92213.17140742365,0.021271474104777397
92681573557.89058,92681.57355789057,0.021271660885806346
93152354984.23767,93152.35498423767,0.021271847668486037
93625527772.13467,93625.52777213466,0.021272034452816495
94101104068.64159,94101.10406864158,0.021272227647569534
94579096082.51907,94579.09608251907,0.02127242348068138
95059516084.5439,95059.5160845439,0.021272621100669117
95542376407.82263,95542.37640782262,0.021272822707677636
96027689448.10855,96027.68944810855,0.02127302431661145
96515467664.11993,96515.46766411993,0.021273225927470586
97005723577.85977,97005.72357785977,0.021273427540255043
97498469774.93733,97498.46977493733,0.021273629154964845
97993718904.89157,97993.71890489156,0.02127383077160002
98491483681.51445,98491.48368151445,0.021274032390160576
98991776883.1794,98991.7768831794,0.021274234010646535
99494611353.16805,99494.61135316805,0.02127443563305792
100000000000.0,100000.0,0.02127463725739474
